revision,scenario,rows,batch_size,phase,alloc_calls,alloc_bytes,dealloc_calls,dealloc_bytes,net_bytes,live_bytes_before,live_bytes_after,elapsed_ns,operations,output_rows,output_checksum
5177ef5f290c8481ce45609ab45ac04e38c9970b,projection_region,1,1,setup,19,83332,7,392,82940,1589,84529,104320,1,1,16517454188817828850
5177ef5f290c8481ce45609ab45ac04e38c9970b,projection_region,1,1,build,0,0,0,0,0,84529,84529,20,1,1,16517454188817828850
5177ef5f290c8481ce45609ab45ac04e38c9970b,projection_region,1,1,materialize,293,90876,269,7276,83600,84529,168129,50460,1,1,16517454188817828850
5177ef5f290c8481ce45609ab45ac04e38c9970b,projection_region,1,1,single_updates,900,34400,899,34336,64,168129,168193,323431,100,1,16517454188817828850
5177ef5f290c8481ce45609ab45ac04e38c9970b,projection_region,1,1,batch,14,553,12,489,64,168193,168257,5640,1,1,16517454188817828850
5177ef5f290c8481ce45609ab45ac04e38c9970b,projection_region,1,1,teardown,0,0,39,166668,-166668,168257,1589,6280,1,1,16517454188817828850
5177ef5f290c8481ce45609ab45ac04e38c9970b,projection_region,1,10,setup,19,83332,7,392,82940,1589,84529,102530,1,5,1697797062584590145
5177ef5f290c8481ce45609ab45ac04e38c9970b,projection_region,1,10,build,0,0,0,0,0,84529,84529,20,1,5,1697797062584590145
5177ef5f290c8481ce45609ab45ac04e38c9970b,projection_region,1,10,materialize,293,90876,269,7276,83600,84529,168129,46490,1,5,1697797062584590145
5177ef5f290c8481ce45609ab45ac04e38c9970b,projection_region,1,10,single_updates,900,34400,899,34336,64,168129,168193,263860,100,5,1697797062584590145
5177ef5f290c8481ce45609ab45ac04e38c9970b,projection_region,1,10,batch,45,3142,17,1050,2092,168193,170285,6960,1,5,1697797062584590145
5177ef5f290c8481ce45609ab45ac04e38c9970b,projection_region,1,10,teardown,0,0,65,168696,-168696,170285,1589,2090,1,5,1697797062584590145
5177ef5f290c8481ce45609ab45ac04e38c9970b,projection_region,1,100,setup,19,83332,7,392,82940,1589,84529,126680,1,50,2141334042748872606
5177ef5f290c8481ce45609ab45ac04e38c9970b,projection_region,1,100,build,0,0,0,0,0,84529,84529,30,1,50,2141334042748872606
5177ef5f290c8481ce45609ab45ac04e38c9970b,projection_region,1,100,materialize,293,90876,269,7276,83600,84529,168129,54820,1,50,2141334042748872606
5177ef5f290c8481ce45609ab45ac04e38c9970b,projection_region,1,100,single_updates,900,34400,899,34336,64,168129,168193,262540,100,50,2141334042748872606
5177ef5f290c8481ce45609ab45ac04e38c9970b,projection_region,1,100,batch,326,27987,66,7959,20028,168193,188221,31310,1,50,2141334042748872606
5177ef5f290c8481ce45609ab45ac04e38c9970b,projection_region,1,100,teardown,0,0,297,186632,-186632,188221,1589,6490,1,50,2141334042748872606
5177ef5f290c8481ce45609ab45ac04e38c9970b,projection_region,1,1000,setup,19,83332,7,392,82940,1589,84529,90900,1,500,4771619737871374553
5177ef5f290c8481ce45609ab45ac04e38c9970b,projection_region,1,1000,build,0,0,0,0,0,84529,84529,30,1,500,4771619737871374553
5177ef5f290c8481ce45609ab45ac04e38c9970b,projection_region,1,1000,materialize,293,90876,269,7276,83600,84529,168129,41990,1,500,4771619737871374553
5177ef5f290c8481ce45609ab45ac04e38c9970b,projection_region,1,1000,single_updates,900,34400,899,34336,64,168129,168193,265630,100,500,4771619737871374553
5177ef5f290c8481ce45609ab45ac04e38c9970b,projection_region,1,1000,batch,2543,250208,790,97168,153040,168193,321233,232131,1,500,4771619737871374553
5177ef5f290c8481ce45609ab45ac04e38c9970b,projection_region,1,1000,teardown,0,0,1790,319644,-319644,321233,1589,24820,1,500,4771619737871374553
5177ef5f290c8481ce45609ab45ac04e38c9970b,projection_region,1,10000,setup,19,83332,7,392,82940,1589,84529,93820,1,5000,225723655202976886
5177ef5f290c8481ce45609ab45ac04e38c9970b,projection_region,1,10000,build,0,0,0,0,0,84529,84529,20,1,5000,225723655202976886
5177ef5f290c8481ce45609ab45ac04e38c9970b,projection_region,1,10000,materialize,293,90876,269,7276,83600,84529,168129,46050,1,5000,225723655202976886
5177ef5f290c8481ce45609ab45ac04e38c9970b,projection_region,1,10000,single_updates,900,34400,899,34336,64,168129,168193,267471,100,5000,225723655202976886
5177ef5f290c8481ce45609ab45ac04e38c9970b,projection_region,1,10000,batch,21425,2801613,6171,1301605,1500008,168193,1668201,2334352,1,5000,225723655202976886
5177ef5f290c8481ce45609ab45ac04e38c9970b,projection_region,1,10000,teardown,0,0,15291,1666612,-1666612,1668201,1589,301940,1,5000,225723655202976886
5177ef5f290c8481ce45609ab45ac04e38c9970b,projection_region,10,1,setup,55,85097,25,1041,84056,1589,85645,132090,1,5,14364149079957214500
5177ef5f290c8481ce45609ab45ac04e38c9970b,projection_region,10,1,build,0,0,0,0,0,85645,85645,20,1,5,14364149079957214500
5177ef5f290c8481ce45609ab45ac04e38c9970b,projection_region,10,1,materialize,308,92108,276,7948,84160,85645,169805,65320,1,5,14364149079957214500
5177ef5f290c8481ce45609ab45ac04e38c9970b,projection_region,10,1,single_updates,900,34400,899,34400,0,169805,169805,269470,100,5,14364149079957214500
5177ef5f290c8481ce45609ab45ac04e38c9970b,projection_region,10,1,batch,14,553,12,489,64,169805,169869,4170,1,5,14364149079957214500
5177ef5f290c8481ce45609ab45ac04e38c9970b,projection_region,10,1,teardown,0,0,65,168280,-168280,169869,1589,2820,1,5,14364149079957214500
5177ef5f290c8481ce45609ab45ac04e38c9970b,projection_region,10,10,setup,54,85013,25,1041,83972,1589,85561,105140,1,5,1697797062584590145
5177ef5f290c8481ce45609ab45ac04e38c9970b,projection_region,10,10,build,0,0,0,0,0,85561,85561,20,1,5,1697797062584590145
5177ef5f290c8481ce45609ab45ac04e38c9970b,projection_region,10,10,materialize,308,92108,276,7948,84160,85561,169721,49940,1,5,1697797062584590145
5177ef5f290c8481ce45609ab45ac04e38c9970b,projection_region,10,10,single_updates,900,34400,899,34400,0,169721,169721,299631,100,5,1697797062584590145
5177ef5f290c8481ce45609ab45ac04e38c9970b,projection_region,10,10,batch,40,2370,25,1370,1000,169721,170721,5810,1,5,1697797062584590145
5177ef5f290c8481ce45609ab45ac04e38c9970b,projection_region,10,10,teardown,0,0,77,169132,-169132,170721,1589,2890,1,5,1697797062584590145
5177ef5f290c8481ce45609ab45ac04e38c9970b,projection_region,10,100,setup,54,85013,25,1041,83972,1589,85561,107760,1,50,2141334042748872606
5177ef5f290c8481ce45609ab45ac04e38c9970b,projection_region,10,100,build,0,0,0,0,0,85561,85561,30,1,50,2141334042748872606
5177ef5f290c8481ce45609ab45ac04e38c9970b,projection_region,10,100,materialize,308,92108,276,7948,84160,85561,169721,52601,1,50,2141334042748872606
5177ef5f290c8481ce45609ab45ac04e38c9970b,projection_region,10,100,single_updates,900,34400,899,34400,0,169721,169721,267400,100,50,2141334042748872606
5177ef5f290c8481ce45609ab45ac04e38c9970b,projection_region,10,100,batch,321,27215,74,8279,18936,169721,188657,28190,1,50,2141334042748872606
5177ef5f290c8481ce45609ab45ac04e38c9970b,projection_region,10,100,teardown,0,0,309,187068,-187068,188657,1589,6920,1,50,2141334042748872606
5177ef5f290c8481ce45609ab45ac04e38c9970b,projection_region,10,1000,setup,55,85097,25,1041,84056,1589,85645,112441,1,500,4771619737871374553
5177ef5f290c8481ce45609ab45ac04e38c9970b,projection_region,10,1000,build,0,0,0,0,0,85645,85645,20,1,500,4771619737871374553
5177ef5f290c8481ce45609ab45ac04e38c9970b,projection_region,10,1000,materialize,308,92108,276,7948,84160,85645,169805,53360,1,500,4771619737871374553
5177ef5f290c8481ce45609ab45ac04e38c9970b,projection_region,10,1000,single_updates,900,34400,899,34400,0,169805,169805,291750,100,500,4771619737871374553
5177ef5f290c8481ce45609ab45ac04e38c9970b,projection_region,10,1000,batch,2532,249952,795,97848,152104,169805,321909,225930,1,500,4771619737871374553
5177ef5f290c8481ce45609ab45ac04e38c9970b,projection_region,10,1000,teardown,0,0,1800,320320,-320320,321909,1589,24940,1,500,4771619737871374553
5177ef5f290c8481ce45609ab45ac04e38c9970b,projection_region,10,10000,setup,55,85097,25,1041,84056,1589,85645,101020,1,5000,225723655202976886
5177ef5f290c8481ce45609ab45ac04e38c9970b,projection_region,10,10000,build,0,0,0,0,0,85645,85645,30,1,5000,225723655202976886
5177ef5f290c8481ce45609ab45ac04e38c9970b,projection_region,10,10000,materialize,308,92108,276,7948,84160,85645,169805,44280,1,5000,225723655202976886
5177ef5f290c8481ce45609ab45ac04e38c9970b,projection_region,10,10000,single_updates,900,34400,899,34400,0,169805,169805,269480,100,5000,225723655202976886
5177ef5f290c8481ce45609ab45ac04e38c9970b,projection_region,10,10000,batch,21418,2798633,6177,1300805,1497828,169805,1667633,2443192,1,5000,225723655202976886
5177ef5f290c8481ce45609ab45ac04e38c9970b,projection_region,10,10000,teardown,0,0,15304,1666044,-1666044,1667633,1589,251090,1,5000,225723655202976886
5177ef5f290c8481ce45609ab45ac04e38c9970b,projection_region,100,1,setup,388,100606,207,7690,92916,1589,94505,207521,1,50,12666971701077994815
5177ef5f290c8481ce45609ab45ac04e38c9970b,projection_region,100,1,build,0,0,0,0,0,94505,94505,20,1,50,12666971701077994815
5177ef5f290c8481ce45609ab45ac04e38c9970b,projection_region,100,1,materialize,439,104744,327,15124,89620,94505,184125,49560,1,50,12666971701077994815
5177ef5f290c8481ce45609ab45ac04e38c9970b,projection_region,100,1,single_updates,900,34400,899,35120,-720,184125,183405,300470,100,50,12666971701077994815
5177ef5f290c8481ce45609ab45ac04e38c9970b,projection_region,100,1,batch,14,553,12,489,64,183405,183469,4310,1,50,12666971701077994815
5177ef5f290c8481ce45609ab45ac04e38c9970b,projection_region,100,1,teardown,0,0,296,181880,-181880,183469,1589,20340,1,50,12666971701077994815
5177ef5f290c8481ce45609ab45ac04e38c9970b,projection_region,100,10,setup,386,100438,207,7690,92748,1589,94337,209190,1,50,3273111146576999984
5177ef5f290c8481ce45609ab45ac04e38c9970b,projection_region,100,10,build,0,0,0,0,0,94337,94337,30,1,50,3273111146576999984
5177ef5f290c8481ce45609ab45ac04e38c9970b,projection_region,100,10,materialize,438,104660,327,15124,89536,94337,183873,57800,1,50,3273111146576999984
5177ef5f290c8481ce45609ab45ac04e38c9970b,projection_region,100,10,single_updates,900,34400,899,35120,-720,183873,183153,266920,100,50,3273111146576999984
5177ef5f290c8481ce45609ab45ac04e38c9970b,projection_region,100,10,batch,41,2522,26,1454,1068,183153,184221,6760,1,50,3273111146576999984
5177ef5f290c8481ce45609ab45ac04e38c9970b,projection_region,100,10,teardown,0,0,306,182632,-182632,184221,1589,6830,1,50,3273111146576999984
5177ef5f290c8481ce45609ab45ac04e38c9970b,projection_region,100,100,setup,384,100134,205,7522,92612,1589,94201,238581,1,50,2141334042748872606
5177ef5f290c8481ce45609ab45ac04e38c9970b,projection_region,100,100,build,0,0,0,0,0,94201,94201,30,1,50,2141334042748872606
5177ef5f290c8481ce45609ab45ac04e38c9970b,projection_region,100,100,materialize,442,104996,327,15124,89872,94201,184073,62030,1,50,2141334042748872606
5177ef5f290c8481ce45609ab45ac04e38c9970b,projection_region,100,100,single_updates,900,34400,899,35120,-720,184073,183353,307550,100,50,2141334042748872606
5177ef5f290c8481ce45609ab45ac04e38c9970b,projection_region,100,100,batch,318,23275,168,12215,11060,183353,194413,36520,1,50,2141334042748872606
5177ef5f290c8481ce45609ab45ac04e38c9970b,projection_region,100,100,teardown,0,0,445,192824,-192824,194413,1589,8180,1,50,2141334042748872606
5177ef5f290c8481ce45609ab45ac04e38c9970b,projection_region,100,1000,setup,386,100302,205,7522,92780,1589,94369,225890,1,500,4771619737871374553
5177ef5f290c8481ce45609ab45ac04e38c9970b,projection_region,100,1000,build,0,0,0,0,0,94369,94369,30,1,500,4771619737871374553
5177ef5f290c8481ce45609ab45ac04e38c9970b,projection_region,100,1000,materialize,443,105080,327,15124,89956,94369,184325,58930,1,500,4771619737871374553
5177ef5f290c8481ce45609ab45ac04e38c9970b,projection_region,100,1000,single_updates,900,34400,899,35120,-720,184325,183605,272390,100,500,4771619737871374553
5177ef5f290c8481ce45609ab45ac04e38c9970b,projection_region,100,1000,batch,2513,242016,874,99708,142308,183605,325913,224550,1,500,4771619737871374553
5177ef5f290c8481ce45609ab45ac04e38c9970b,projection_region,100,1000,teardown,0,0,1937,324324,-324324,325913,1589,25700,1,500,4771619737871374553
5177ef5f290c8481ce45609ab45ac04e38c9970b,projection_region,100,10000,setup,388,100470,205,7522,92948,1589,94537,217820,1,5000,225723655202976886
5177ef5f290c8481ce45609ab45ac04e38c9970b,projection_region,100,10000,build,0,0,0,0,0,94537,94537,20,1,5000,225723655202976886
5177ef5f290c8481ce45609ab45ac04e38c9970b,projection_region,100,10000,materialize,440,104828,327,15124,89704,94537,184241,60920,1,5000,225723655202976886
5177ef5f290c8481ce45609ab45ac04e38c9970b,projection_region,100,10000,single_updates,900,34400,899,35120,-720,184241,183521,270651,100,5000,225723655202976886
5177ef5f290c8481ce45609ab45ac04e38c9970b,projection_region,100,10000,batch,21410,2795021,6268,1304965,1490056,183521,1673577,2327132,1,5000,225723655202976886
5177ef5f290c8481ce45609ab45ac04e38c9970b,projection_region,100,10000,teardown,0,0,15439,1671988,-1671988,1673577,1589,243560,1,5000,225723655202976886
5177ef5f290c8481ce45609ab45ac04e38c9970b,projection_region,1000,1,setup,3333,244699,2195,93247,151452,1589,153041,1554351,1,500,4327130164811475582
5177ef5f290c8481ce45609ab45ac04e38c9970b,projection_region,1000,1,build,0,0,0,0,0,153041,153041,110,1,500,4327130164811475582
5177ef5f290c8481ce45609ab45ac04e38c9970b,projection_region,1000,1,materialize,1501,209700,854,82504,127196,153041,280237,149030,1,500,4327130164811475582
5177ef5f290c8481ce45609ab45ac04e38c9970b,projection_region,1000,1,single_updates,901,34688,900,42472,-7784,280237,272453,288311,100,500,4327130164811475582
5177ef5f290c8481ce45609ab45ac04e38c9970b,projection_region,1000,1,batch,14,553,12,489,64,272453,272517,4900,1,500,4327130164811475582
5177ef5f290c8481ce45609ab45ac04e38c9970b,projection_region,1000,1,teardown,0,0,1788,270928,-270928,272517,1589,34230,1,500,4327130164811475582
5177ef5f290c8481ce45609ab45ac04e38c9970b,projection_region,1000,10,setup,3333,244019,2195,92907,151112,1589,152701,1504381,1,500,17755510925202890983
5177ef5f290c8481ce45609ab45ac04e38c9970b,projection_region,1000,10,build,0,0,0,0,0,152701,152701,110,1,500,17755510925202890983
5177ef5f290c8481ce45609ab45ac04e38c9970b,projection_region,1000,10,materialize,1508,210288,858,82704,127584,152701,280285,150510,1,500,17755510925202890983
5177ef5f290c8481ce45609ab45ac04e38c9970b,projection_region,1000,10,single_updates,900,34400,899,42320,-7920,280285,272365,292210,100,500,17755510925202890983
5177ef5f290c8481ce45609ab45ac04e38c9970b,projection_region,1000,10,batch,44,3658,29,2046,1612,272365,273977,6740,1,500,17755510925202890983
5177ef5f290c8481ce45609ab45ac04e38c9970b,projection_region,1000,10,teardown,0,0,1804,272388,-272388,273977,1589,34850,1,500,17755510925202890983
5177ef5f290c8481ce45609ab45ac04e38c9970b,projection_region,1000,100,setup,3342,247291,2204,94615,152676,1589,154265,1305451,1,500,7875101123171967880
5177ef5f290c8481ce45609ab45ac04e38c9970b,projection_region,1000,100,build,0,0,0,0,0,154265,154265,30,1,500,7875101123171967880
5177ef5f290c8481ce45609ab45ac04e38c9970b,projection_region,1000,100,materialize,1505,210444,858,82908,127536,154265,281801,170150,1,500,7875101123171967880
5177ef5f290c8481ce45609ab45ac04e38c9970b,projection_region,1000,100,single_updates,900,34400,899,42320,-7920,281801,273881,270650,100,500,7875101123171967880
5177ef5f290c8481ce45609ab45ac04e38c9970b,projection_region,1000,100,batch,338,28219,188,14847,13372,273881,287253,26270,1,500,7875101123171967880
5177ef5f290c8481ce45609ab45ac04e38c9970b,projection_region,1000,100,teardown,0,0,1936,285664,-285664,287253,1589,35430,1,500,7875101123171967880
5177ef5f290c8481ce45609ab45ac04e38c9970b,projection_region,1000,1000,setup,3332,244683,2194,93231,151452,1589,153041,1307061,1,500,4771619737871374553
5177ef5f290c8481ce45609ab45ac04e38c9970b,projection_region,1000,1000,build,0,0,0,0,0,153041,153041,20,1,500,4771619737871374553
5177ef5f290c8481ce45609ab45ac04e38c9970b,projection_region,1000,1000,materialize,1506,210120,858,82704,127416,153041,280457,124661,1,500,4771619737871374553
5177ef5f290c8481ce45609ab45ac04e38c9970b,projection_region,1000,1000,single_updates,900,34400,899,42320,-7920,280457,272537,273990,100,500,4771619737871374553
5177ef5f290c8481ce45609ab45ac04e38c9970b,projection_region,1000,1000,batch,3072,228972,1572,115408,113564,272537,386101,209720,1,500,4771619737871374553
5177ef5f290c8481ce45609ab45ac04e38c9970b,projection_region,1000,1000,teardown,0,0,3287,384512,-384512,386101,1589,40650,1,500,4771619737871374553
5177ef5f290c8481ce45609ab45ac04e38c9970b,projection_region,1000,10000,setup,3334,244851,2196,93331,151520,1589,153109,1345211,1,5000,225723655202976886
5177ef5f290c8481ce45609ab45ac04e38c9970b,projection_region,1000,10000,build,0,0,0,0,0,153109,153109,20,1,5000,225723655202976886
5177ef5f290c8481ce45609ab45ac04e38c9970b,projection_region,1000,10000,materialize,1504,209952,856,82604,127348,153109,280457,129000,1,5000,225723655202976886
5177ef5f290c8481ce45609ab45ac04e38c9970b,projection_region,1000,10000,single_updates,901,34688,900,42472,-7784,280457,272673,274150,100,5000,225723655202976886
5177ef5f290c8481ce45609ab45ac04e38c9970b,projection_region,1000,10000,batch,21906,2770429,6904,1314437,1455992,272673,1728665,2325182,1,5000,225723655202976886
5177ef5f290c8481ce45609ab45ac04e38c9970b,projection_region,1000,10000,teardown,0,0,16789,1727076,-1727076,1728665,1589,268291,1,5000,225723655202976886
5177ef5f290c8481ce45609ab45ac04e38c9970b,projection_region,10000,1,setup,30783,1763780,20645,1000388,763392,1589,764981,12630080,1,5000,12210830987116323975
5177ef5f290c8481ce45609ab45ac04e38c9970b,projection_region,10000,1,build,0,0,0,0,0,764981,764981,20,1,5000,12210830987116323975
5177ef5f290c8481ce45609ab45ac04e38c9970b,projection_region,10000,1,materialize,10948,1632504,5798,1129908,502596,764981,1267577,1087481,1,5000,12210830987116323975
5177ef5f290c8481ce45609ab45ac04e38c9970b,projection_region,10000,1,single_updates,900,34400,899,114320,-79920,1267577,1187657,281890,100,5000,12210830987116323975
5177ef5f290c8481ce45609ab45ac04e38c9970b,projection_region,10000,1,batch,14,553,12,489,64,1187657,1187721,4540,1,5000,12210830987116323975
5177ef5f290c8481ce45609ab45ac04e38c9970b,projection_region,10000,1,teardown,0,0,15291,1186132,-1186132,1187721,1589,269321,1,5000,12210830987116323975
5177ef5f290c8481ce45609ab45ac04e38c9970b,projection_region,10000,10,setup,30782,1761588,20644,999284,762304,1589,763893,12383890,1,5000,65636744260773735
5177ef5f290c8481ce45609ab45ac04e38c9970b,projection_region,10000,10,build,0,0,0,0,0,763893,763893,150,1,5000,65636744260773735
5177ef5f290c8481ce45609ab45ac04e38c9970b,projection_region,10000,10,materialize,10947,1630312,5797,1128804,501508,763893,1265401,1454911,1,5000,65636744260773735
5177ef5f290c8481ce45609ab45ac04e38c9970b,projection_region,10000,10,single_updates,900,34400,899,114320,-79920,1265401,1185481,291291,100,5000,65636744260773735
5177ef5f290c8481ce45609ab45ac04e38c9970b,projection_region,10000,10,batch,40,2370,25,1370,1000,1185481,1186481,10490,1,5000,65636744260773735
5177ef5f290c8481ce45609ab45ac04e38c9970b,projection_region,10000,10,teardown,0,0,15304,1184892,-1184892,1186481,1589,298890,1,5000,65636744260773735
5177ef5f290c8481ce45609ab45ac04e38c9970b,projection_region,10000,100,setup,30783,1763780,20645,1000388,763392,1589,764981,12943051,1,5000,3895756997307665643
5177ef5f290c8481ce45609ab45ac04e38c9970b,projection_region,10000,100,build,0,0,0,0,0,764981,764981,20,1,5000,3895756997307665643
5177ef5f290c8481ce45609ab45ac04e38c9970b,projection_region,10000,100,materialize,10948,1631416,5798,1129364,502052,764981,1267033,1146231,1,5000,3895756997307665643
5177ef5f290c8481ce45609ab45ac04e38c9970b,projection_region,10000,100,single_updates,900,34400,899,114320,-79920,1267033,1187113,291570,100,5000,3895756997307665643
5177ef5f290c8481ce45609ab45ac04e38c9970b,projection_region,10000,100,batch,314,23619,164,12355,11264,1187113,1198377,34801,1,5000,3895756997307665643
5177ef5f290c8481ce45609ab45ac04e38c9970b,projection_region,10000,100,teardown,0,0,15439,1196788,-1196788,1198377,1589,308330,1,5000,3895756997307665643
5177ef5f290c8481ce45609ab45ac04e38c9970b,projection_region,10000,1000,setup,30783,1763780,20645,1000388,763392,1589,764981,12692241,1,5000,9440236711186330360
5177ef5f290c8481ce45609ab45ac04e38c9970b,projection_region,10000,1000,build,0,0,0,0,0,764981,764981,110,1,5000,9440236711186330360
5177ef5f290c8481ce45609ab45ac04e38c9970b,projection_region,10000,1000,materialize,10950,1633624,5800,1130484,503140,764981,1268121,1127621,1,5000,9440236711186330360
5177ef5f290c8481ce45609ab45ac04e38c9970b,projection_region,10000,1000,single_updates,900,34400,899,114320,-79920,1268121,1188201,284700,100,5000,9440236711186330360
5177ef5f290c8481ce45609ab45ac04e38c9970b,projection_region,10000,1000,batch,3018,220084,1518,110532,109552,1188201,1297753,198170,1,5000,9440236711186330360
5177ef5f290c8481ce45609ab45ac04e38c9970b,projection_region,10000,1000,teardown,0,0,16789,1296164,-1296164,1297753,1589,356981,1,5000,9440236711186330360
5177ef5f290c8481ce45609ab45ac04e38c9970b,projection_region,10000,10000,setup,30783,1763780,20645,1000388,763392,1589,764981,12714131,1,5000,225723655202976886
5177ef5f290c8481ce45609ab45ac04e38c9970b,projection_region,10000,10000,build,0,0,0,0,0,764981,764981,100,1,5000,225723655202976886
5177ef5f290c8481ce45609ab45ac04e38c9970b,projection_region,10000,10000,materialize,10946,1629208,5796,1128244,500964,764981,1265945,1378441,1,5000,225723655202976886
5177ef5f290c8481ce45609ab45ac04e38c9970b,projection_region,10000,10000,single_updates,900,34400,899,114320,-79920,1265945,1186025,315360,100,5000,225723655202976886
5177ef5f290c8481ce45609ab45ac04e38c9970b,projection_region,10000,10000,batch,30021,2366501,15021,1285493,1081008,1186025,2267033,2896613,1,5000,225723655202976886
5177ef5f290c8481ce45609ab45ac04e38c9970b,projection_region,10000,10000,teardown,0,0,30289,2265444,-2265444,2267033,1589,522050,1,5000,225723655202976886
5177ef5f290c8481ce45609ab45ac04e38c9970b,two_join_region,1,1,setup,49,249342,13,538,248804,1587,250391,189330,1,1,10222267916740760811
5177ef5f290c8481ce45609ab45ac04e38c9970b,two_join_region,1,1,build,0,0,0,0,0,250391,250391,30,1,1,10222267916740760811
5177ef5f290c8481ce45609ab45ac04e38c9970b,two_join_region,1,1,materialize,504,100348,418,11380,88968,250391,339359,79031,1,1,10222267916740760811
5177ef5f290c8481ce45609ab45ac04e38c9970b,two_join_region,1,1,single_updates,900,32800,899,32760,40,339359,339399,293910,100,1,10222267916740760811
5177ef5f290c8481ce45609ab45ac04e38c9970b,two_join_region,1,1,batch,12,473,11,441,32,339399,339431,4210,1,1,10222267916740760811
5177ef5f290c8481ce45609ab45ac04e38c9970b,two_join_region,1,1,teardown,0,0,124,337844,-337844,339431,1587,7580,1,1,10222267916740760811
5177ef5f290c8481ce45609ab45ac04e38c9970b,two_join_region,1,10,setup,49,249342,13,538,248804,1587,250391,187130,1,10,10433535340950355974
5177ef5f290c8481ce45609ab45ac04e38c9970b,two_join_region,1,10,build,0,0,0,0,0,250391,250391,20,1,10,10433535340950355974
5177ef5f290c8481ce45609ab45ac04e38c9970b,two_join_region,1,10,materialize,504,100348,418,11380,88968,250391,339359,79130,1,10,10433535340950355974
5177ef5f290c8481ce45609ab45ac04e38c9970b,two_join_region,1,10,single_updates,900,32800,899,32760,40,339359,339399,302150,100,10,10433535340950355974
5177ef5f290c8481ce45609ab45ac04e38c9970b,two_join_region,1,10,batch,100,10214,37,4098,6116,339399,345515,13200,1,10,10433535340950355974
5177ef5f290c8481ce45609ab45ac04e38c9970b,two_join_region,1,10,teardown,0,0,186,343928,-343928,345515,1587,6930,1,10,10433535340950355974
5177ef5f290c8481ce45609ab45ac04e38c9970b,two_join_region,1,100,setup,49,249342,13,538,248804,1587,250391,194581,1,100,6450172689670916005
5177ef5f290c8481ce45609ab45ac04e38c9970b,two_join_region,1,100,build,0,0,0,0,0,250391,250391,20,1,100,6450172689670916005
5177ef5f290c8481ce45609ab45ac04e38c9970b,two_join_region,1,100,materialize,504,100348,418,11380,88968,250391,339359,67150,1,100,6450172689670916005
5177ef5f290c8481ce45609ab45ac04e38c9970b,two_join_region,1,100,single_updates,900,32800,899,32760,40,339359,339399,291180,100,100,6450172689670916005
5177ef5f290c8481ce45609ab45ac04e38c9970b,two_join_region,1,100,batch,635,94615,78,35979,58636,339399,398035,65530,1,100,6450172689670916005
5177ef5f290c8481ce45609ab45ac04e38c9970b,two_join_region,1,100,teardown,0,0,680,396448,-396448,398035,1587,16940,1,100,6450172689670916005
5177ef5f290c8481ce45609ab45ac04e38c9970b,two_join_region,1,1000,setup,49,249342,13,538,248804,1587,250391,162190,1,1000,7993980224229412221
5177ef5f290c8481ce45609ab45ac04e38c9970b,two_join_region,1,1000,build,0,0,0,0,0,250391,250391,20,1,1000,7993980224229412221
5177ef5f290c8481ce45609ab45ac04e38c9970b,two_join_region,1,1000,materialize,504,100348,418,11380,88968,250391,339359,68890,1,1000,7993980224229412221
5177ef5f290c8481ce45609ab45ac04e38c9970b,two_join_region,1,1000,single_updates,900,32800,899,32760,40,339359,339399,286290,100,1000,7993980224229412221
5177ef5f290c8481ce45609ab45ac04e38c9970b,two_join_region,1,1000,batch,4133,934028,755,406972,527056,339399,866455,511580,1,1000,7993980224229412221
5177ef5f290c8481ce45609ab45ac04e38c9970b,two_join_region,1,1000,teardown,0,0,3501,864868,-864868,866455,1587,67020,1,1000,7993980224229412221
5177ef5f290c8481ce45609ab45ac04e38c9970b,two_join_region,1,10000,setup,49,249342,13,538,248804,1587,250391,232711,1,10000,16839580198307135487
5177ef5f290c8481ce45609ab45ac04e38c9970b,two_join_region,1,10000,build,0,0,0,0,0,250391,250391,80,1,10000,16839580198307135487
5177ef5f290c8481ce45609ab45ac04e38c9970b,two_join_region,1,10000,materialize,504,100348,418,11380,88968,250391,339359,69800,1,10000,16839580198307135487
5177ef5f290c8481ce45609ab45ac04e38c9970b,two_join_region,1,10000,single_updates,900,32800,899,32760,40,339359,339399,275580,100,10000,16839580198307135487
5177ef5f290c8481ce45609ab45ac04e38c9970b,two_join_region,1,10000,batch,32575,9154493,2197,4260069,4894424,339399,5233823,6478135,1,10000,16839580198307135487
5177ef5f290c8481ce45609ab45ac04e38c9970b,two_join_region,1,10000,teardown,0,0,30501,5232236,-5232236,5233823,1587,841261,1,10000,16839580198307135487
5177ef5f290c8481ce45609ab45ac04e38c9970b,two_join_region,10,1,setup,155,254325,67,2485,251840,1587,253427,215620,1,10,17974768632780432184
5177ef5f290c8481ce45609ab45ac04e38c9970b,two_join_region,10,1,build,0,0,0,0,0,253427,253427,20,1,10,17974768632780432184
5177ef5f290c8481ce45609ab45ac04e38c9970b,two_join_region,10,1,materialize,676,121016,500,22388,98628,253427,352055,94620,1,10,17974768632780432184
5177ef5f290c8481ce45609ab45ac04e38c9970b,two_join_region,10,1,single_updates,900,32800,908,33408,-608,352055,351447,274420,100,10,17974768632780432184
5177ef5f290c8481ce45609ab45ac04e38c9970b,two_join_region,10,1,batch,12,473,11,441,32,351447,351479,3500,1,10,17974768632780432184
5177ef5f290c8481ce45609ab45ac04e38c9970b,two_join_region,10,1,teardown,0,0,257,349892,-349892,351479,1587,8290,1,10,17974768632780432184
5177ef5f290c8481ce45609ab45ac04e38c9970b,two_join_region,10,10,setup,153,254157,67,2485,251672,1587,253259,259331,1,10,3847762084112324805
5177ef5f290c8481ce45609ab45ac04e38c9970b,two_join_region,10,10,build,0,0,0,0,0,253259,253259,20,1,10,3847762084112324805
5177ef5f290c8481ce45609ab45ac04e38c9970b,two_join_region,10,10,materialize,676,121016,500,22388,98628,253259,351887,93280,1,10,3847762084112324805
5177ef5f290c8481ce45609ab45ac04e38c9970b,two_join_region,10,10,single_updates,900,32800,908,33408,-608,351887,351279,282250,100,10,3847762084112324805
5177ef5f290c8481ce45609ab45ac04e38c9970b,two_join_region,10,10,batch,41,3042,22,1714,1328,351279,352607,9280,1,10,3847762084112324805
5177ef5f290c8481ce45609ab45ac04e38c9970b,two_join_region,10,10,teardown,0,0,273,351020,-351020,352607,1587,9110,1,10,3847762084112324805
5177ef5f290c8481ce45609ab45ac04e38c9970b,two_join_region,10,100,setup,157,254493,67,2485,252008,1587,253595,190530,1,100,6450172689670916005
5177ef5f290c8481ce45609ab45ac04e38c9970b,two_join_region,10,100,build,0,0,0,0,0,253595,253595,30,1,100,6450172689670916005
5177ef5f290c8481ce45609ab45ac04e38c9970b,two_join_region,10,100,materialize,675,120932,500,22388,98544,253595,352139,86040,1,100,6450172689670916005
5177ef5f290c8481ce45609ab45ac04e38c9970b,two_join_region,10,100,single_updates,900,32800,908,33408,-608,352139,351531,336850,100,100,6450172689670916005
5177ef5f290c8481ce45609ab45ac04e38c9970b,two_join_region,10,100,batch,575,87359,63,33595,53764,351531,405295,84851,1,100,6450172689670916005
5177ef5f290c8481ce45609ab45ac04e38c9970b,two_join_region,10,100,teardown,0,0,769,403708,-403708,405295,1587,17950,1,100,6450172689670916005
5177ef5f290c8481ce45609ab45ac04e38c9970b,two_join_region,10,1000,setup,157,254493,67,2485,252008,1587,253595,205141,1,1000,7993980224229412221
5177ef5f290c8481ce45609ab45ac04e38c9970b,two_join_region,10,1000,build,0,0,0,0,0,253595,253595,20,1,1000,7993980224229412221
5177ef5f290c8481ce45609ab45ac04e38c9970b,two_join_region,10,1000,materialize,676,121016,500,22388,98628,253595,352223,82570,1,1000,7993980224229412221
5177ef5f290c8481ce45609ab45ac04e38c9970b,two_join_region,10,1000,single_updates,900,32800,908,33408,-608,352223,351615,274820,100,1000,7993980224229412221
5177ef5f290c8481ce45609ab45ac04e38c9970b,two_join_region,10,1000,batch,4067,924772,734,403540,521232,351615,872847,517360,1,1000,7993980224229412221
5177ef5f290c8481ce45609ab45ac04e38c9970b,two_join_region,10,1000,teardown,0,0,3591,871260,-871260,872847,1587,63110,1,1000,7993980224229412221
5177ef5f290c8481ce45609ab45ac04e38c9970b,two_join_region,10,10000,setup,156,254409,67,2485,251924,1587,253511,260540,1,10000,15662216930191189001
5177ef5f290c8481ce45609ab45ac04e38c9970b,two_join_region,10,10000,build,0,0,0,0,0,253511,253511,70,1,10000,15662216930191189001
5177ef5f290c8481ce45609ab45ac04e38c9970b,two_join_region,10,10000,materialize,676,121016,500,22388,98628,253511,352139,91270,1,10000,15662216930191189001
5177ef5f290c8481ce45609ab45ac04e38c9970b,two_join_region,10,10000,single_updates,900,32800,908,33408,-608,352139,351531,297371,100,10000,15662216930191189001
5177ef5f290c8481ce45609ab45ac04e38c9970b,two_join_region,10,10000,batch,32517,9151621,2184,4259893,4891728,351531,5243259,6273045,1,10000,15662216930191189001
5177ef5f290c8481ce45609ab45ac04e38c9970b,two_join_region,10,10000,teardown,0,0,30590,5241672,-5241672,5243259,1587,703831,1,10000,15662216930191189001
5177ef5f290c8481ce45609ab45ac04e38c9970b,two_join_region,100,1,setup,1148,298636,609,22096,276540,1587,278127,809141,1,100,16567863118280582415
5177ef5f290c8481ce45609ab45ac04e38c9970b,two_join_region,100,1,build,0,0,0,0,0,278127,278127,20,1,100,16567863118280582415
5177ef5f290c8481ce45609ab45ac04e38c9970b,two_join_region,100,1,materialize,1606,299308,777,119184,180124,278127,458251,192660,1,100,16567863118280582415
5177ef5f290c8481ce45609ab45ac04e38c9970b,two_join_region,100,1,single_updates,901,32952,999,39972,-7020,458251,451231,281980,100,100,16567863118280582415
5177ef5f290c8481ce45609ab45ac04e38c9970b,two_join_region,100,1,batch,12,473,11,441,32,451231,451263,3530,1,100,16567863118280582415
5177ef5f290c8481ce45609ab45ac04e38c9970b,two_join_region,100,1,teardown,0,0,1271,449676,-449676,451263,1587,26410,1,100,16567863118280582415
5177ef5f290c8481ce45609ab45ac04e38c9970b,two_join_region,100,10,setup,1155,299156,608,22012,277144,1587,278731,544691,1,100,14988868556232808083
5177ef5f290c8481ce45609ab45ac04e38c9970b,two_join_region,100,10,build,0,0,0,0,0,278731,278731,30,1,100,14988868556232808083
5177ef5f290c8481ce45609ab45ac04e38c9970b,two_join_region,100,10,materialize,1610,299984,782,119604,180380,278731,459111,206130,1,100,14988868556232808083
5177ef5f290c8481ce45609ab45ac04e38c9970b,two_join_region,100,10,single_updates,901,32952,999,39972,-7020,459111,452091,279350,100,100,14988868556232808083
5177ef5f290c8481ce45609ab45ac04e38c9970b,two_join_region,100,10,batch,41,3042,22,1714,1328,452091,453419,19360,1,100,14988868556232808083
5177ef5f290c8481ce45609ab45ac04e38c9970b,two_join_region,100,10,teardown,0,0,1296,451832,-451832,453419,1587,49180,1,100,14988868556232808083
5177ef5f290c8481ce45609ab45ac04e38c9970b,two_join_region,100,100,setup,1145,298384,609,22096,276288,1587,277875,542320,1,100,1531122966717440804
5177ef5f290c8481ce45609ab45ac04e38c9970b,two_join_region,100,100,build,0,0,0,0,0,277875,277875,110,1,100,1531122966717440804
5177ef5f290c8481ce45609ab45ac04e38c9970b,two_join_region,100,100,materialize,1610,299848,780,119436,180412,277875,458287,224491,1,100,1531122966717440804
5177ef5f290c8481ce45609ab45ac04e38c9970b,two_join_region,100,100,single_updates,900,32800,998,39888,-7088,458287,451199,277060,100,100,1531122966717440804
5177ef5f290c8481ce45609ab45ac04e38c9970b,two_join_region,100,100,batch,319,28971,120,14343,14628,451199,465827,33780,1,100,1531122966717440804
5177ef5f290c8481ce45609ab45ac04e38c9970b,two_join_region,100,100,teardown,0,0,1467,464240,-464240,465827,1587,35470,1,100,1531122966717440804
5177ef5f290c8481ce45609ab45ac04e38c9970b,two_join_region,100,1000,setup,1161,299728,609,22096,277632,1587,279219,541390,1,1000,14298032678796850819
5177ef5f290c8481ce45609ab45ac04e38c9970b,two_join_region,100,1000,build,0,0,0,0,0,279219,279219,20,1,1000,14298032678796850819
5177ef5f290c8481ce45609ab45ac04e38c9970b,two_join_region,100,1000,materialize,1609,299764,780,119436,180328,279219,459547,216280,1,1000,14298032678796850819
5177ef5f290c8481ce45609ab45ac04e38c9970b,two_join_region,100,1000,single_updates,900,32800,998,39888,-7088,459547,452459,275901,100,1000,14298032678796850819
5177ef5f290c8481ce45609ab45ac04e38c9970b,two_join_region,100,1000,batch,3795,865788,780,384112,481676,452459,934135,536170,1,1000,14298032678796850819
5177ef5f290c8481ce45609ab45ac04e38c9970b,two_join_region,100,1000,teardown,0,0,4298,932548,-932548,934135,1587,74260,1,1000,14298032678796850819
5177ef5f290c8481ce45609ab45ac04e38c9970b,two_join_region,100,10000,setup,1152,298904,608,22012,276892,1587,278479,612701,1,10000,5728969208173351066
5177ef5f290c8481ce45609ab45ac04e38c9970b,two_join_region,100,10000,build,0,0,0,0,0,278479,278479,30,1,10000,5728969208173351066
5177ef5f290c8481ce45609ab45ac04e38c9970b,two_join_region,100,10000,materialize,1610,299984,782,119604,180380,278479,458859,204160,1,10000,5728969208173351066
5177ef5f290c8481ce45609ab45ac04e38c9970b,two_join_region,100,10000,single_updates,900,32800,998,39888,-7088,458859,451771,276590,100,10000,5728969208173351066
5177ef5f290c8481ce45609ab45ac04e38c9970b,two_join_region,100,10000,batch,32247,9095457,2231,4241841,4853616,451771,5305387,6948016,1,10000,5728969208173351066
5177ef5f290c8481ce45609ab45ac04e38c9970b,two_join_region,100,10000,teardown,0,0,31290,5303800,-5303800,5305387,1587,1247641,1,10000,5728969208173351066
5177ef5f290c8481ce45609ab45ac04e38c9970b,two_join_region,1000,1,setup,9993,717899,6579,279339,438560,1587,440147,4197394,1,1000,9553134825882118573
5177ef5f290c8481ce45609ab45ac04e38c9970b,two_join_region,1000,1,build,0,0,0,0,0,440147,440147,160,1,1000,9553134825882118573
5177ef5f290c8481ce45609ab45ac04e38c9970b,two_join_region,1000,1,materialize,7229,1754056,3641,971632,782424,440147,1222571,1154641,1,1000,9553134825882118573
5177ef5f290c8481ce45609ab45ac04e38c9970b,two_join_region,1000,1,single_updates,900,32800,1898,104688,-71888,1222571,1150683,306500,100,1000,9553134825882118573
5177ef5f290c8481ce45609ab45ac04e38c9970b,two_join_region,1000,1,batch,12,473,11,441,32,1150683,1150715,4180,1,1000,9553134825882118573
5177ef5f290c8481ce45609ab45ac04e38c9970b,two_join_region,1000,1,teardown,0,0,6005,1149128,-1149128,1150715,1587,139550,1,1000,9553134825882118573
5177ef5f290c8481ce45609ab45ac04e38c9970b,two_join_region,1000,10,setup,9991,716915,6577,278831,438084,1587,439671,3911573,1,1000,3920581667745602216
5177ef5f290c8481ce45609ab45ac04e38c9970b,two_join_region,1000,10,build,0,0,0,0,0,439671,439671,110,1,1000,3920581667745602216
5177ef5f290c8481ce45609ab45ac04e38c9970b,two_join_region,1000,10,materialize,7228,1754788,3641,972040,782748,439671,1222419,1173691,1,1000,3920581667745602216
5177ef5f290c8481ce45609ab45ac04e38c9970b,two_join_region,1000,10,single_updates,900,32800,1898,104688,-71888,1222419,1150531,297061,100,1000,3920581667745602216
5177ef5f290c8481ce45609ab45ac04e38c9970b,two_join_region,1000,10,batch,44,3770,25,2102,1668,1150531,1152199,8380,1,1000,3920581667745602216
5177ef5f290c8481ce45609ab45ac04e38c9970b,two_join_region,1000,10,teardown,0,0,6022,1150612,-1150612,1152199,1587,141150,1,1000,3920581667745602216
5177ef5f290c8481ce45609ab45ac04e38c9970b,two_join_region,1000,100,setup,9991,717051,6577,278899,438152,1587,439739,3805083,1,1000,16733105987420574124
5177ef5f290c8481ce45609ab45ac04e38c9970b,two_join_region,1000,100,build,0,0,0,0,0,439739,439739,30,1,1000,16733105987420574124
5177ef5f290c8481ce45609ab45ac04e38c9970b,two_join_region,1000,100,materialize,7221,1751752,3633,970416,781336,439739,1221075,1091111,1,1000,16733105987420574124
5177ef5f290c8481ce45609ab45ac04e38c9970b,two_join_region,1000,100,single_updates,900,32800,1898,104688,-71888,1221075,1149187,296330,100,1000,16733105987420574124
5177ef5f290c8481ce45609ab45ac04e38c9970b,two_join_region,1000,100,batch,324,30955,125,15375,15580,1149187,1164767,35380,1,1000,16733105987420574124
5177ef5f290c8481ce45609ab45ac04e38c9970b,two_join_region,1000,100,teardown,0,0,6203,1163180,-1163180,1164767,1587,134530,1,1000,16733105987420574124
5177ef5f290c8481ce45609ab45ac04e38c9970b,two_join_region,1000,1000,setup,9998,718115,6584,279487,438628,1587,440215,3834963,1,1000,13499815795904883637
5177ef5f290c8481ce45609ab45ac04e38c9970b,two_join_region,1000,1000,build,0,0,0,0,0,440215,440215,20,1,1000,13499815795904883637
5177ef5f290c8481ce45609ab45ac04e38c9970b,two_join_region,1000,1000,materialize,7222,1751632,3634,970364,781268,440215,1221483,1117271,1,1000,13499815795904883637
5177ef5f290c8481ce45609ab45ac04e38c9970b,two_join_region,1000,1000,single_updates,900,32800,1898,104688,-71888,1221483,1149595,296491,100,1000,13499815795904883637
5177ef5f290c8481ce45609ab45ac04e38c9970b,two_join_region,1000,1000,batch,3040,272316,1041,125232,147084,1149595,1296679,296100,1,1000,13499815795904883637
5177ef5f290c8481ce45609ab45ac04e38c9970b,two_join_region,1000,1000,teardown,0,0,8003,1295092,-1295092,1296679,1587,153690,1,1000,13499815795904883637
5177ef5f290c8481ce45609ab45ac04e38c9970b,two_join_region,1000,10000,setup,9993,717763,6579,279271,438492,1587,440079,4332443,1,10000,17596823154614052981
5177ef5f290c8481ce45609ab45ac04e38c9970b,two_join_region,1000,10000,build,0,0,0,0,0,440079,440079,130,1,10000,17596823154614052981
5177ef5f290c8481ce45609ab45ac04e38c9970b,two_join_region,1000,10000,materialize,7221,1751616,3633,970348,781268,440079,1221347,1268412,1,10000,17596823154614052981
5177ef5f290c8481ce45609ab45ac04e38c9970b,two_join_region,1000,10000,single_updates,900,32800,1898,104688,-71888,1221347,1149459,320710,100,10000,17596823154614052981
5177ef5f290c8481ce45609ab45ac04e38c9970b,two_join_region,1000,10000,batch,31444,8489861,2445,3976565,4513296,1149459,5662755,6266455,1,10000,17596823154614052981
5177ef5f290c8481ce45609ab45ac04e38c9970b,two_join_region,1000,10000,teardown,0,0,35003,5661168,-5661168,5662755,1587,864651,1,10000,17596823154614052981
5177ef5f290c8481ce45609ab45ac04e38c9970b,two_join_region,10000,1,setup,92337,5121934,61923,2996110,2125824,1587,2127411,38676133,1,10000,3354152443693610922
5177ef5f290c8481ce45609ab45ac04e38c9970b,two_join_region,10000,1,build,0,0,0,0,0,2127411,2127411,230,1,10000,3354152443693610922
5177ef5f290c8481ce45609ab45ac04e38c9970b,two_join_region,10000,1,materialize,54259,17682000,23671,11115076,6566924,2127411,8694335,15414293,1,10000,3354152443693610922
5177ef5f290c8481ce45609ab45ac04e38c9970b,two_join_region,10000,1,single_updates,900,32800,10898,752688,-719888,8694335,7974447,420260,100,10000,3354152443693610922
5177ef5f290c8481ce45609ab45ac04e38c9970b,two_join_region,10000,1,batch,12,473,11,441,32,7974447,7974479,7550,1,10000,3354152443693610922
5177ef5f290c8481ce45609ab45ac04e38c9970b,two_join_region,10000,1,teardown,0,0,51005,7972892,-7972892,7974479,1587,1587852,1,10000,3354152443693610922
5177ef5f290c8481ce45609ab45ac04e38c9970b,two_join_region,10000,10,setup,92342,5135070,61928,3002718,2132352,1587,2133939,36405810,1,10000,15131903787744392436
5177ef5f290c8481ce45609ab45ac04e38c9970b,two_join_region,10000,10,build,0,0,0,0,0,2133939,2133939,130,1,10000,15131903787744392436
5177ef5f290c8481ce45609ab45ac04e38c9970b,two_join_region,10000,10,materialize,54260,17684192,23672,11116180,6568012,2133939,8701951,15868363,1,10000,15131903787744392436
5177ef5f290c8481ce45609ab45ac04e38c9970b,two_join_region,10000,10,single_updates,900,32800,10898,752688,-719888,8701951,7982063,409341,100,10000,15131903787744392436
5177ef5f290c8481ce45609ab45ac04e38c9970b,two_join_region,10000,10,batch,41,3042,22,1714,1328,7982063,7983391,23920,1,10000,15131903787744392436
5177ef5f290c8481ce45609ab45ac04e38c9970b,two_join_region,10000,10,teardown,0,0,51023,7981804,-7981804,7983391,1587,1622551,1,10000,15131903787744392436
5177ef5f290c8481ce45609ab45ac04e38c9970b,two_join_region,10000,100,setup,92338,5124126,61924,2997214,2126912,1587,2128499,37373001,1,10000,1816171712333416615
5177ef5f290c8481ce45609ab45ac04e38c9970b,two_join_region,10000,100,build,0,0,0,0,0,2128499,2128499,1300,1,10000,1816171712333416615
5177ef5f290c8481ce45609ab45ac04e38c9970b,two_join_region,10000,100,materialize,54260,17684192,23672,11116180,6568012,2128499,8696511,16120854,1,10000,1816171712333416615
5177ef5f290c8481ce45609ab45ac04e38c9970b,two_join_region,10000,100,single_updates,900,32800,10898,752688,-719888,8696511,7976623,434700,100,10000,1816171712333416615
5177ef5f290c8481ce45609ab45ac04e38c9970b,two_join_region,10000,100,batch,314,28211,115,13923,14288,7976623,7990911,119750,1,10000,1816171712333416615
5177ef5f290c8481ce45609ab45ac04e38c9970b,two_join_region,10000,100,teardown,0,0,51203,7989324,-7989324,7990911,1587,1526791,1,10000,1816171712333416615
5177ef5f290c8481ce45609ab45ac04e38c9970b,two_join_region,10000,1000,setup,92340,5128510,61926,2999422,2129088,1587,2130675,38375882,1,10000,3264634601966585150
5177ef5f290c8481ce45609ab45ac04e38c9970b,two_join_region,10000,1000,build,0,0,0,0,0,2130675,2130675,200,1,10000,3264634601966585150
5177ef5f290c8481ce45609ab45ac04e38c9970b,two_join_region,10000,1000,materialize,54260,17684192,23672,11116180,6568012,2130675,8698687,18420815,1,10000,3264634601966585150
5177ef5f290c8481ce45609ab45ac04e38c9970b,two_join_region,10000,1000,single_updates,900,32800,10898,752688,-719888,8698687,7978799,441880,100,10000,3264634601966585150
5177ef5f290c8481ce45609ab45ac04e38c9970b,two_join_region,10000,1000,batch,3017,265556,1018,121668,143888,7978799,8122687,1296372,1,10000,3264634601966585150
5177ef5f290c8481ce45609ab45ac04e38c9970b,two_join_region,10000,1000,teardown,0,0,53003,8121100,-8121100,8122687,1587,1629291,1,10000,3264634601966585150
5177ef5f290c8481ce45609ab45ac04e38c9970b,two_join_region,10000,10000,setup,92341,5130702,61927,3000526,2130176,1587,2131763,38607642,1,10000,13019415047184874310
5177ef5f290c8481ce45609ab45ac04e38c9970b,two_join_region,10000,10000,build,0,0,0,0,0,2131763,2131763,200,1,10000,13019415047184874310
5177ef5f290c8481ce45609ab45ac04e38c9970b,two_join_region,10000,10000,materialize,54259,17682000,23671,11115076,6566924,2131763,8698687,15496503,1,10000,13019415047184874310
5177ef5f290c8481ce45609ab45ac04e38c9970b,two_join_region,10000,10000,single_updates,900,32800,10898,752688,-719888,8698687,7978799,423291,100,10000,13019415047184874310
5177ef5f290c8481ce45609ab45ac04e38c9970b,two_join_region,10000,10000,batch,30021,3048597,10022,1608709,1439888,7978799,9418687,8776457,1,10000,13019415047184874310
5177ef5f290c8481ce45609ab45ac04e38c9970b,two_join_region,10000,10000,teardown,0,0,71003,9417100,-9417100,9418687,1587,1868662,1,10000,13019415047184874310
5177ef5f290c8481ce45609ab45ac04e38c9970b,repeated_relation_four_join,1,1,setup,49,249342,13,538,248804,1599,250403,177501,1,1,13014950689644958385
5177ef5f290c8481ce45609ab45ac04e38c9970b,repeated_relation_four_join,1,1,build,0,0,0,0,0,250403,250403,30,1,1,13014950689644958385
5177ef5f290c8481ce45609ab45ac04e38c9970b,repeated_relation_four_join,1,1,materialize,554,102464,455,13324,89140,250403,339543,88310,1,1,13014950689644958385
5177ef5f290c8481ce45609ab45ac04e38c9970b,repeated_relation_four_join,1,1,single_updates,3400,202400,3398,202320,80,339543,339623,340280,100,1,13014950689644958385
5177ef5f290c8481ce45609ab45ac04e38c9970b,repeated_relation_four_join,1,1,batch,41,2241,39,2177,64,339623,339687,4800,1,1,13014950689644958385
5177ef5f290c8481ce45609ab45ac04e38c9970b,repeated_relation_four_join,1,1,teardown,0,0,139,338088,-338088,339687,1599,7610,1,1,13014950689644958385
5177ef5f290c8481ce45609ab45ac04e38c9970b,repeated_relation_four_join,1,10,setup,49,249342,13,538,248804,1599,250403,212480,1,10,56332993539831892
5177ef5f290c8481ce45609ab45ac04e38c9970b,repeated_relation_four_join,1,10,build,0,0,0,0,0,250403,250403,20,1,10,56332993539831892
5177ef5f290c8481ce45609ab45ac04e38c9970b,repeated_relation_four_join,1,10,materialize,554,102464,455,13324,89140,250403,339543,79790,1,10,56332993539831892
5177ef5f290c8481ce45609ab45ac04e38c9970b,repeated_relation_four_join,1,10,single_updates,3400,202400,3398,202320,80,339543,339623,325921,100,10,56332993539831892
5177ef5f290c8481ce45609ab45ac04e38c9970b,repeated_relation_four_join,1,10,batch,330,28670,229,19330,9340,339623,348963,19750,1,10,56332993539831892
5177ef5f290c8481ce45609ab45ac04e38c9970b,repeated_relation_four_join,1,10,teardown,0,0,238,347364,-347364,348963,1599,8500,1,10,56332993539831892
5177ef5f290c8481ce45609ab45ac04e38c9970b,repeated_relation_four_join,1,100,setup,49,249342,13,538,248804,1599,250403,182490,1,100,10505282788479966867
5177ef5f290c8481ce45609ab45ac04e38c9970b,repeated_relation_four_join,1,100,build,0,0,0,0,0,250403,250403,30,1,100,10505282788479966867
5177ef5f290c8481ce45609ab45ac04e38c9970b,repeated_relation_four_join,1,100,materialize,554,102464,455,13324,89140,250403,339543,97980,1,100,10505282788479966867
5177ef5f290c8481ce45609ab45ac04e38c9970b,repeated_relation_four_join,1,100,single_updates,3400,202400,3398,202320,80,339543,339623,319040,100,100,10505282788479966867
5177ef5f290c8481ce45609ab45ac04e38c9970b,repeated_relation_four_join,1,100,batch,2771,275475,1739,181087,94388,339623,434011,139360,1,100,10505282788479966867
5177ef5f290c8481ce45609ab45ac04e38c9970b,repeated_relation_four_join,1,100,teardown,0,0,1169,432412,-432412,434011,1599,21200,1,100,10505282788479966867
5177ef5f290c8481ce45609ab45ac04e38c9970b,repeated_relation_four_join,1,1000,setup,49,249342,13,538,248804,1599,250403,244940,1,1000,13370885645064965745
5177ef5f290c8481ce45609ab45ac04e38c9970b,repeated_relation_four_join,1,1000,build,0,0,0,0,0,250403,250403,40,1,1000,13370885645064965745
5177ef5f290c8481ce45609ab45ac04e38c9970b,repeated_relation_four_join,1,1000,materialize,554,102464,455,13324,89140,250403,339543,99141,1,1000,13370885645064965745
5177ef5f290c8481ce45609ab45ac04e38c9970b,repeated_relation_four_join,1,1000,single_updates,3400,202400,3398,202320,80,339543,339623,316510,100,1000,13370885645064965745
5177ef5f290c8481ce45609ab45ac04e38c9970b,repeated_relation_four_join,1,1000,batch,25853,3293936,16606,2124104,1169832,339623,1509455,1404241,1,1000,13370885645064965745
5177ef5f290c8481ce45609ab45ac04e38c9970b,repeated_relation_four_join,1,1000,teardown,0,0,9384,1507856,-1507856,1509455,1599,213590,1,1000,13370885645064965745
5177ef5f290c8481ce45609ab45ac04e38c9970b,repeated_relation_four_join,1,10000,setup,49,249342,13,538,248804,1599,250403,148730,1,10000,1982313136510027200
5177ef5f290c8481ce45609ab45ac04e38c9970b,repeated_relation_four_join,1,10000,build,0,0,0,0,0,250403,250403,30,1,10000,1982313136510027200
5177ef5f290c8481ce45609ab45ac04e38c9970b,repeated_relation_four_join,1,10000,materialize,554,102464,455,13324,89140,250403,339543,77140,1,10000,1982313136510027200
5177ef5f290c8481ce45609ab45ac04e38c9970b,repeated_relation_four_join,1,10000,single_updates,3400,202400,3398,202320,80,339543,339623,320081,100,10000,1982313136510027200
5177ef5f290c8481ce45609ab45ac04e38c9970b,repeated_relation_four_join,1,10000,batch,251825,30851033,161578,20589325,10261708,339623,10601331,15342083,1,10000,1982313136510027200
5177ef5f290c8481ce45609ab45ac04e38c9970b,repeated_relation_four_join,1,10000,teardown,0,0,90384,10599732,-10599732,10601331,1599,3430343,1,10000,1982313136510027200
5177ef5f290c8481ce45609ab45ac04e38c9970b,repeated_relation_four_join,10,1,setup,157,254493,67,2485,252008,1599,253607,238591,1,10,11501407367868396969
5177ef5f290c8481ce45609ab45ac04e38c9970b,repeated_relation_four_join,10,1,build,0,0,0,0,0,253607,253607,20,1,10,11501407367868396969
5177ef5f290c8481ce45609ab45ac04e38c9970b,repeated_relation_four_join,10,1,materialize,922,136640,724,37732,98908,253607,352515,95530,1,10,11501407367868396969
5177ef5f290c8481ce45609ab45ac04e38c9970b,repeated_relation_four_join,10,1,single_updates,3400,202400,3398,202320,80,352515,352595,319040,100,10,11501407367868396969
5177ef5f290c8481ce45609ab45ac04e38c9970b,repeated_relation_four_join,10,1,batch,41,2241,39,2177,64,352595,352659,4070,1,10,11501407367868396969
5177ef5f290c8481ce45609ab45ac04e38c9970b,repeated_relation_four_join,10,1,teardown,0,0,292,351060,-351060,352659,1599,7960,1,10,11501407367868396969
5177ef5f290c8481ce45609ab45ac04e38c9970b,repeated_relation_four_join,10,10,setup,155,254325,67,2485,251840,1599,253439,235490,1,10,5785714508135313515
5177ef5f290c8481ce45609ab45ac04e38c9970b,repeated_relation_four_join,10,10,build,0,0,0,0,0,253439,253439,20,1,10,5785714508135313515
5177ef5f290c8481ce45609ab45ac04e38c9970b,repeated_relation_four_join,10,10,materialize,922,136640,724,37732,98908,253439,352347,108230,1,10,5785714508135313515
5177ef5f290c8481ce45609ab45ac04e38c9970b,repeated_relation_four_join,10,10,single_updates,3400,202400,3398,202320,80,352347,352427,326190,100,10,5785714508135313515
5177ef5f290c8481ce45609ab45ac04e38c9970b,repeated_relation_four_join,10,10,batch,269,18718,249,17358,1360,352427,353787,13150,1,10,5785714508135313515
5177ef5f290c8481ce45609ab45ac04e38c9970b,repeated_relation_four_join,10,10,teardown,0,0,308,352188,-352188,353787,1599,8300,1,10,5785714508135313515
5177ef5f290c8481ce45609ab45ac04e38c9970b,repeated_relation_four_join,10,100,setup,156,254409,67,2485,251924,1599,253523,202711,1,100,3957184453593751987
5177ef5f290c8481ce45609ab45ac04e38c9970b,repeated_relation_four_join,10,100,build,0,0,0,0,0,253523,253523,30,1,100,3957184453593751987
5177ef5f290c8481ce45609ab45ac04e38c9970b,repeated_relation_four_join,10,100,materialize,922,136640,724,37732,98908,253523,352431,107530,1,100,3957184453593751987
5177ef5f290c8481ce45609ab45ac04e38c9970b,repeated_relation_four_join,10,100,single_updates,3400,202400,3398,202320,80,352431,352511,311910,100,100,3957184453593751987
5177ef5f290c8481ce45609ab45ac04e38c9970b,repeated_relation_four_join,10,100,batch,2709,265507,1760,179199,86308,352511,438819,123280,1,100,3957184453593751987
5177ef5f290c8481ce45609ab45ac04e38c9970b,repeated_relation_four_join,10,100,teardown,0,0,1238,437220,-437220,438819,1599,22300,1,100,3957184453593751987
5177ef5f290c8481ce45609ab45ac04e38c9970b,repeated_relation_four_join,10,1000,setup,156,254409,67,2485,251924,1599,253523,206280,1,1000,1009122617325017681
5177ef5f290c8481ce45609ab45ac04e38c9970b,repeated_relation_four_join,10,1000,build,0,0,0,0,0,253523,253523,30,1,1000,1009122617325017681
5177ef5f290c8481ce45609ab45ac04e38c9970b,repeated_relation_four_join,10,1000,materialize,921,136556,724,37732,98824,253523,352347,93670,1,1000,1009122617325017681
5177ef5f290c8481ce45609ab45ac04e38c9970b,repeated_relation_four_join,10,1000,single_updates,3400,202400,3398,202320,80,352347,352427,311271,100,1000,1009122617325017681
5177ef5f290c8481ce45609ab45ac04e38c9970b,repeated_relation_four_join,10,1000,batch,25793,3284884,16626,2122540,1162344,352427,1514771,1173631,1,1000,1009122617325017681
5177ef5f290c8481ce45609ab45ac04e38c9970b,repeated_relation_four_join,10,1000,teardown,0,0,9455,1513172,-1513172,1514771,1599,180030,1,1000,1009122617325017681
5177ef5f290c8481ce45609ab45ac04e38c9970b,repeated_relation_four_join,10,10000,setup,155,254325,67,2485,251840,1599,253439,207070,1,10000,1465561025753862066
5177ef5f290c8481ce45609ab45ac04e38c9970b,repeated_relation_four_join,10,10000,build,0,0,0,0,0,253439,253439,20,1,10000,1465561025753862066
5177ef5f290c8481ce45609ab45ac04e38c9970b,repeated_relation_four_join,10,10000,materialize,922,136640,724,37732,98908,253439,352347,98420,1,10000,1465561025753862066
5177ef5f290c8481ce45609ab45ac04e38c9970b,repeated_relation_four_join,10,10000,single_updates,3400,202400,3398,202320,80,352347,352427,312640,100,10000,1465561025753862066
5177ef5f290c8481ce45609ab45ac04e38c9970b,repeated_relation_four_join,10,10000,batch,251765,30841165,161598,20587353,10253812,352427,10606239,13469451,1,10000,1465561025753862066
5177ef5f290c8481ce45609ab45ac04e38c9970b,repeated_relation_four_join,10,10000,teardown,0,0,90455,10604640,-10604640,10606239,1599,2252022,1,10000,1465561025753862066
5177ef5f290c8481ce45609ab45ac04e38c9970b,repeated_relation_four_join,100,1,setup,1147,298620,610,22180,276440,1599,278039,529291,1,100,15227797582410937221
5177ef5f290c8481ce45609ab45ac04e38c9970b,repeated_relation_four_join,100,1,build,0,0,0,0,0,278039,278039,30,1,100,15227797582410937221
5177ef5f290c8481ce45609ab45ac04e38c9970b,repeated_relation_four_join,100,1,materialize,3710,443292,2625,255304,187988,278039,466027,345820,1,100,15227797582410937221
5177ef5f290c8481ce45609ab45ac04e38c9970b,repeated_relation_four_join,100,1,single_updates,3400,202400,3398,202320,80,466027,466107,325100,100,100,15227797582410937221
5177ef5f290c8481ce45609ab45ac04e38c9970b,repeated_relation_four_join,100,1,batch,41,2241,39,2177,64,466107,466171,4380,1,100,15227797582410937221
5177ef5f290c8481ce45609ab45ac04e38c9970b,repeated_relation_four_join,100,1,teardown,0,0,1626,464572,-464572,466171,1599,29740,1,100,15227797582410937221
5177ef5f290c8481ce45609ab45ac04e38c9970b,repeated_relation_four_join,100,10,setup,1147,298688,611,22264,276424,1599,278023,621431,1,100,6143765345401401786
5177ef5f290c8481ce45609ab45ac04e38c9970b,repeated_relation_four_join,100,10,build,0,0,0,0,0,278023,278023,90,1,100,6143765345401401786
5177ef5f290c8481ce45609ab45ac04e38c9970b,repeated_relation_four_join,100,10,materialize,3707,442836,2622,255052,187784,278023,465807,363990,1,100,6143765345401401786
5177ef5f290c8481ce45609ab45ac04e38c9970b,repeated_relation_four_join,100,10,single_updates,3400,202400,3398,202320,80,465807,465887,330310,100,100,6143765345401401786
5177ef5f290c8481ce45609ab45ac04e38c9970b,repeated_relation_four_join,100,10,batch,271,19022,251,17526,1496,465887,467383,12720,1,100,6143765345401401786
5177ef5f290c8481ce45609ab45ac04e38c9970b,repeated_relation_four_join,100,10,teardown,0,0,1643,465784,-465784,467383,1599,32520,1,100,6143765345401401786
5177ef5f290c8481ce45609ab45ac04e38c9970b,repeated_relation_four_join,100,100,setup,1155,299156,608,22012,277144,1599,278743,577471,1,100,9777019246758606933
5177ef5f290c8481ce45609ab45ac04e38c9970b,repeated_relation_four_join,100,100,build,0,0,0,0,0,278743,278743,30,1,100,9777019246758606933
5177ef5f290c8481ce45609ab45ac04e38c9970b,repeated_relation_four_join,100,100,materialize,3707,442904,2623,255136,187768,278743,466511,380730,1,100,9777019246758606933
5177ef5f290c8481ce45609ab45ac04e38c9970b,repeated_relation_four_join,100,100,single_updates,3400,202400,3398,202320,80,466511,466591,324630,100,100,9777019246758606933
5177ef5f290c8481ce45609ab45ac04e38c9970b,repeated_relation_four_join,100,100,batch,2350,175839,2150,160771,15068,466591,481659,88410,1,100,9777019246758606933
5177ef5f290c8481ce45609ab45ac04e38c9970b,repeated_relation_four_join,100,100,teardown,0,0,1833,480060,-480060,481659,1599,39001,1,100,9777019246758606933
5177ef5f290c8481ce45609ab45ac04e38c9970b,repeated_relation_four_join,100,1000,setup,1151,298888,609,22096,276792,1599,278391,586111,1,1000,17236544367972093348
5177ef5f290c8481ce45609ab45ac04e38c9970b,repeated_relation_four_join,100,1000,build,0,0,0,0,0,278391,278391,30,1,1000,17236544367972093348
5177ef5f290c8481ce45609ab45ac04e38c9970b,repeated_relation_four_join,100,1000,materialize,3705,442736,2623,255136,187600,278391,465991,377170,1,1000,17236544367972093348
5177ef5f290c8481ce45609ab45ac04e38c9970b,repeated_relation_four_join,100,1000,single_updates,3400,202400,3398,202320,80,465991,466071,321981,100,1000,17236544367972093348
5177ef5f290c8481ce45609ab45ac04e38c9970b,repeated_relation_four_join,100,1000,batch,25419,3192120,17003,2102544,1089576,466071,1555647,1200430,1,1000,17236544367972093348
5177ef5f290c8481ce45609ab45ac04e38c9970b,repeated_relation_four_join,100,1000,teardown,0,0,10042,1554048,-1554048,1555647,1599,203741,1,1000,17236544367972093348
5177ef5f290c8481ce45609ab45ac04e38c9970b,repeated_relation_four_join,100,10000,setup,1148,298568,608,22012,276556,1599,278155,546010,1,10000,5800990490659202214
5177ef5f290c8481ce45609ab45ac04e38c9970b,repeated_relation_four_join,100,10000,build,0,0,0,0,0,278155,278155,40,1,10000,5800990490659202214
5177ef5f290c8481ce45609ab45ac04e38c9970b,repeated_relation_four_join,100,10000,materialize,3708,443056,2624,255220,187836,278155,465991,325930,1,10000,5800990490659202214
5177ef5f290c8481ce45609ab45ac04e38c9970b,repeated_relation_four_join,100,10000,single_updates,3401,202552,3399,202404,148,465991,466139,405011,100,10000,5800990490659202214
5177ef5f290c8481ce45609ab45ac04e38c9970b,repeated_relation_four_join,100,10000,batch,251399,30752133,161976,20568937,10183196,466139,10649335,15951103,1,10000,5800990490659202214
5177ef5f290c8481ce45609ab45ac04e38c9970b,repeated_relation_four_join,100,10000,teardown,0,0,91049,10647736,-10647736,10649335,1599,3110613,1,10000,5800990490659202214
5177ef5f290c8481ce45609ab45ac04e38c9970b,repeated_relation_four_join,1000,1,setup,10001,720951,6588,280979,439972,1599,441571,3783433,1,1000,5167523945244923574
5177ef5f290c8481ce45609ab45ac04e38c9970b,repeated_relation_four_join,1000,1,build,0,0,0,0,0,441571,441571,30,1,1000,5167523945244923574
5177ef5f290c8481ce45609ab45ac04e38c9970b,repeated_relation_four_join,1000,1,materialize,28119,3909208,19775,2618232,1290976,441571,1732547,2634822,1,1000,5167523945244923574
5177ef5f290c8481ce45609ab45ac04e38c9970b,repeated_relation_four_join,1000,1,single_updates,4200,356000,4198,355920,80,1732547,1732627,482130,100,1000,5167523945244923574
5177ef5f290c8481ce45609ab45ac04e38c9970b,repeated_relation_four_join,1000,1,batch,49,3777,47,3713,64,1732627,1732691,38110,1,1000,5167523945244923574
5177ef5f290c8481ce45609ab45ac04e38c9970b,repeated_relation_four_join,1000,1,teardown,0,0,11761,1731092,-1731092,1732691,1599,232941,1,1000,5167523945244923574
5177ef5f290c8481ce45609ab45ac04e38c9970b,repeated_relation_four_join,1000,10,setup,9980,713747,6566,277159,436588,1599,438187,3730173,1,1000,13105079495823893827
5177ef5f290c8481ce45609ab45ac04e38c9970b,repeated_relation_four_join,1000,10,build,0,0,0,0,0,438187,438187,30,1,1000,13105079495823893827
5177ef5f290c8481ce45609ab45ac04e38c9970b,repeated_relation_four_join,1000,10,materialize,28116,3909976,19772,2618592,1291384,438187,1729571,2583042,1,1000,13105079495823893827
5177ef5f290c8481ce45609ab45ac04e38c9970b,repeated_relation_four_join,1000,10,single_updates,4200,356000,4198,355920,80,1729571,1729651,366710,100,1000,13105079495823893827
5177ef5f290c8481ce45609ab45ac04e38c9970b,repeated_relation_four_join,1000,10,batch,335,32318,315,30142,2176,1729651,1731827,19640,1,1000,13105079495823893827
5177ef5f290c8481ce45609ab45ac04e38c9970b,repeated_relation_four_join,1000,10,teardown,0,0,11780,1730228,-1730228,1731827,1599,220001,1,1000,13105079495823893827
5177ef5f290c8481ce45609ab45ac04e38c9970b,repeated_relation_four_join,1000,100,setup,9990,717579,6576,279155,438424,1599,440023,4032513,1,1000,2777039417561921149
5177ef5f290c8481ce45609ab45ac04e38c9970b,repeated_relation_four_join,1000,100,build,0,0,0,0,0,440023,440023,170,1,1000,2777039417561921149
5177ef5f290c8481ce45609ab45ac04e38c9970b,repeated_relation_four_join,1000,100,materialize,28114,3907768,19770,2617472,1290296,440023,1730319,2955752,1,1000,2777039417561921149
5177ef5f290c8481ce45609ab45ac04e38c9970b,repeated_relation_four_join,1000,100,single_updates,4200,356000,4198,355920,80,1730319,1730399,393261,100,1000,2777039417561921149
5177ef5f290c8481ce45609ab45ac04e38c9970b,repeated_relation_four_join,1000,100,batch,2751,256175,2551,238115,18060,1730399,1748459,156700,1,1000,2777039417561921149
5177ef5f290c8481ce45609ab45ac04e38c9970b,repeated_relation_four_join,1000,100,teardown,0,0,11960,1746860,-1746860,1748459,1599,264270,1,1000,2777039417561921149
5177ef5f290c8481ce45609ab45ac04e38c9970b,repeated_relation_four_join,1000,1000,setup,9998,720495,6585,280727,439768,1599,441367,3792753,1,1000,18252936509335397132
5177ef5f290c8481ce45609ab45ac04e38c9970b,repeated_relation_four_join,1000,1000,build,0,0,0,0,0,441367,441367,30,1,1000,18252936509335397132
5177ef5f290c8481ce45609ab45ac04e38c9970b,repeated_relation_four_join,1000,1000,materialize,28113,3907888,19769,2617524,1290364,441367,1731731,2629372,1,1000,18252936509335397132
5177ef5f290c8481ce45609ab45ac04e38c9970b,repeated_relation_four_join,1000,1000,single_updates,4201,356288,4199,356072,216,1731731,1731947,424301,100,1000,18252936509335397132
5177ef5f290c8481ce45609ab45ac04e38c9970b,repeated_relation_four_join,1000,1000,batch,21695,1722480,19695,1572100,150380,1731947,1882327,1337861,1,1000,18252936509335397132
5177ef5f290c8481ce45609ab45ac04e38c9970b,repeated_relation_four_join,1000,1000,teardown,0,0,13759,1880728,-1880728,1882327,1599,585170,1,1000,18252936509335397132
5177ef5f290c8481ce45609ab45ac04e38c9970b,repeated_relation_four_join,1000,10000,setup,9997,718507,6583,279675,438832,1599,440431,3966293,1,10000,15992258155163545404
5177ef5f290c8481ce45609ab45ac04e38c9970b,repeated_relation_four_join,1000,10000,build,0,0,0,0,0,440431,440431,700,1,10000,15992258155163545404
5177ef5f290c8481ce45609ab45ac04e38c9970b,repeated_relation_four_join,1000,10000,materialize,28117,3909040,19773,2618132,1290908,440431,1731339,2753542,1,10000,15992258155163545404
5177ef5f290c8481ce45609ab45ac04e38c9970b,repeated_relation_four_join,1000,10000,single_updates,4200,356000,4198,355920,80,1731339,1731419,377090,100,10000,15992258155163545404
5177ef5f290c8481ce45609ab45ac04e38c9970b,repeated_relation_four_join,1000,10000,batch,247613,29264297,164613,20029249,9235048,1731419,10966467,13862392,1,10000,15992258155163545404
5177ef5f290c8481ce45609ab45ac04e38c9970b,repeated_relation_four_join,1000,10000,teardown,0,0,94760,10964868,-10964868,10966467,1599,5226125,1,10000,15992258155163545404
5177ef5f290c8481ce45609ab45ac04e38c9970b,repeated_relation_four_join,10000,1,setup,92339,5126318,61925,2998318,2128000,1599,2129599,39628943,1,10000,2975720967359203224
5177ef5f290c8481ce45609ab45ac04e38c9970b,repeated_relation_four_join,10000,1,build,0,0,0,0,0,2129599,2129599,300,1,10000,2975720967359203224
5177ef5f290c8481ce45609ab45ac04e38c9970b,repeated_relation_four_join,10000,1,materialize,263943,36596224,183599,26180636,10415588,2129599,12545187,29787125,1,10000,2975720967359203224
5177ef5f290c8481ce45609ab45ac04e38c9970b,repeated_relation_four_join,10000,1,single_updates,5800,3428000,5798,3427920,80,12545187,12545267,905351,100,10000,2975720967359203224
5177ef5f290c8481ce45609ab45ac04e38c9970b,repeated_relation_four_join,10000,1,batch,65,34497,63,34433,64,12545267,12545331,10960,1,10000,2975720967359203224
5177ef5f290c8481ce45609ab45ac04e38c9970b,repeated_relation_four_join,10000,1,teardown,0,0,110762,12543732,-12543732,12545331,1599,4048834,1,10000,2975720967359203224
5177ef5f290c8481ce45609ab45ac04e38c9970b,repeated_relation_four_join,10000,10,setup,92337,5121934,61923,2996110,2125824,1599,2127423,39515034,1,10000,6482957529000411129
5177ef5f290c8481ce45609ab45ac04e38c9970b,repeated_relation_four_join,10000,10,build,0,0,0,0,0,2127423,2127423,360,1,10000,6482957529000411129
5177ef5f290c8481ce45609ab45ac04e38c9970b,repeated_relation_four_join,10000,10,materialize,263942,36594032,183598,26179532,10414500,2127423,12541923,28884784,1,10000,6482957529000411129
5177ef5f290c8481ce45609ab45ac04e38c9970b,repeated_relation_four_join,10000,10,single_updates,5800,3428000,5798,3427920,80,12541923,12542003,931971,100,10000,6482957529000411129
5177ef5f290c8481ce45609ab45ac04e38c9970b,repeated_relation_four_join,10000,10,batch,455,268702,435,267342,1360,12542003,12543363,165200,1,10000,6482957529000411129
5177ef5f290c8481ce45609ab45ac04e38c9970b,repeated_relation_four_join,10000,10,teardown,0,0,110780,12541764,-12541764,12543363,1599,4066423,1,10000,6482957529000411129
5177ef5f290c8481ce45609ab45ac04e38c9970b,repeated_relation_four_join,10000,100,setup,92338,5124126,61924,2997214,2126912,1599,2128511,37042431,1,10000,9685880594140857047
5177ef5f290c8481ce45609ab45ac04e38c9970b,repeated_relation_four_join,10000,100,build,0,0,0,0,0,2128511,2128511,110,1,10000,9685880594140857047
5177ef5f290c8481ce45609ab45ac04e38c9970b,repeated_relation_four_join,10000,100,materialize,263943,36596224,183599,26180636,10415588,2128511,12544099,28885225,1,10000,9685880594140857047
5177ef5f290c8481ce45609ab45ac04e38c9970b,repeated_relation_four_join,10000,100,single_updates,5800,3428000,5798,3427920,80,12544099,12544179,916410,100,10000,9685880594140857047
5177ef5f290c8481ce45609ab45ac04e38c9970b,repeated_relation_four_join,10000,100,batch,3497,1730519,3297,1716199,14320,12544179,12558499,1191361,1,10000,9685880594140857047
5177ef5f290c8481ce45609ab45ac04e38c9970b,repeated_relation_four_join,10000,100,teardown,0,0,110960,12556900,-12556900,12558499,1599,5288504,1,10000,9685880594140857047
5177ef5f290c8481ce45609ab45ac04e38c9970b,repeated_relation_four_join,10000,1000,setup,92339,5126318,61925,2998318,2128000,1599,2129599,36594001,1,10000,4521148721268665814
5177ef5f290c8481ce45609ab45ac04e38c9970b,repeated_relation_four_join,10000,1000,build,0,0,0,0,0,2129599,2129599,160,1,10000,4521148721268665814
5177ef5f290c8481ce45609ab45ac04e38c9970b,repeated_relation_four_join,10000,1000,materialize,263942,36594032,183598,26179532,10414500,2129599,12544099,28223633,1,10000,4521148721268665814
5177ef5f290c8481ce45609ab45ac04e38c9970b,repeated_relation_four_join,10000,1000,single_updates,5800,3428000,5798,3427920,80,12544099,12544179,945951,100,10000,4521148721268665814
5177ef5f290c8481ce45609ab45ac04e38c9970b,repeated_relation_four_join,10000,1000,batch,22418,3191016,20418,3047096,143920,12544179,12688099,2862252,1,10000,4521148721268665814
5177ef5f290c8481ce45609ab45ac04e38c9970b,repeated_relation_four_join,10000,1000,teardown,0,0,112760,12686500,-12686500,12688099,1599,3719933,1,10000,4521148721268665814
5177ef5f290c8481ce45609ab45ac04e38c9970b,repeated_relation_four_join,10000,10000,setup,92336,5119742,61922,2995006,2124736,1599,2126335,40736784,1,10000,1052137942050848837
5177ef5f290c8481ce45609ab45ac04e38c9970b,repeated_relation_four_join,10000,10000,build,0,0,0,0,0,2126335,2126335,290,1,10000,1052137942050848837
5177ef5f290c8481ce45609ab45ac04e38c9970b,repeated_relation_four_join,10000,10000,materialize,263943,36596224,183599,26180636,10415588,2126335,12541923,28213444,1,10000,1052137942050848837
5177ef5f290c8481ce45609ab45ac04e38c9970b,repeated_relation_four_join,10000,10000,single_updates,5800,3428000,5798,3427920,80,12541923,12542003,913460,100,10000,1052137942050848837
5177ef5f290c8481ce45609ab45ac04e38c9970b,repeated_relation_four_join,10000,10000,batch,211439,18453145,191439,17013225,1439920,12542003,13981923,16074664,1,10000,1052137942050848837
5177ef5f290c8481ce45609ab45ac04e38c9970b,repeated_relation_four_join,10000,10000,teardown,0,0,130760,13980324,-13980324,13981923,1599,5829555,1,10000,1052137942050848837
5177ef5f290c8481ce45609ab45ac04e38c9970b,rekey_between_joins,1,1,setup,49,249342,13,538,248804,1591,250395,168940,1,1,10222263431184290923
5177ef5f290c8481ce45609ab45ac04e38c9970b,rekey_between_joins,1,1,build,0,0,0,0,0,250395,250395,20,1,1,10222263431184290923
5177ef5f290c8481ce45609ab45ac04e38c9970b,rekey_between_joins,1,1,materialize,543,103794,447,14034,89760,250395,340155,86560,1,1,10222263431184290923
5177ef5f290c8481ce45609ab45ac04e38c9970b,rekey_between_joins,1,1,single_updates,2900,168200,2899,168160,40,340155,340195,351700,100,1,10222263431184290923
5177ef5f290c8481ce45609ab45ac04e38c9970b,rekey_between_joins,1,1,batch,32,1731,31,1699,32,340195,340227,4050,1,1,10222263431184290923
5177ef5f290c8481ce45609ab45ac04e38c9970b,rekey_between_joins,1,1,teardown,0,0,134,338636,-338636,340227,1591,6340,1,1,10222263431184290923
5177ef5f290c8481ce45609ab45ac04e38c9970b,rekey_between_joins,1,10,setup,49,249342,13,538,248804,1591,250395,246100,1,10,7566756666823410118
5177ef5f290c8481ce45609ab45ac04e38c9970b,rekey_between_joins,1,10,build,0,0,0,0,0,250395,250395,20,1,10,7566756666823410118
5177ef5f290c8481ce45609ab45ac04e38c9970b,rekey_between_joins,1,10,materialize,543,103794,447,14034,89760,250395,340155,657201,1,10,7566756666823410118
5177ef5f290c8481ce45609ab45ac04e38c9970b,rekey_between_joins,1,10,single_updates,2900,168200,2899,168160,40,340155,340195,347770,100,10,7566756666823410118
5177ef5f290c8481ce45609ab45ac04e38c9970b,rekey_between_joins,1,10,batch,190,24125,108,14709,9416,340195,349611,243190,1,10,7566756666823410118
5177ef5f290c8481ce45609ab45ac04e38c9970b,rekey_between_joins,1,10,teardown,0,0,215,348020,-348020,349611,1591,15380,1,10,7566756666823410118
5177ef5f290c8481ce45609ab45ac04e38c9970b,rekey_between_joins,1,100,setup,49,249342,13,538,248804,1591,250395,158580,1,100,11177984490006592673
5177ef5f290c8481ce45609ab45ac04e38c9970b,rekey_between_joins,1,100,build,0,0,0,0,0,250395,250395,30,1,100,11177984490006592673
5177ef5f290c8481ce45609ab45ac04e38c9970b,rekey_between_joins,1,100,materialize,543,103794,447,14034,89760,250395,340155,67600,1,100,11177984490006592673
5177ef5f290c8481ce45609ab45ac04e38c9970b,rekey_between_joins,1,100,single_updates,2900,168200,2899,168160,40,340155,340195,343910,100,100,11177984490006592673
5177ef5f290c8481ce45609ab45ac04e38c9970b,rekey_between_joins,1,100,batch,1216,225708,458,133244,92464,340195,432659,126680,1,100,11177984490006592673
5177ef5f290c8481ce45609ab45ac04e38c9970b,rekey_between_joins,1,100,teardown,0,0,891,431068,-431068,432659,1591,26830,1,100,11177984490006592673
5177ef5f290c8481ce45609ab45ac04e38c9970b,rekey_between_joins,1,1000,setup,49,249342,13,538,248804,1591,250395,165620,1,1000,12227240968701283957
5177ef5f290c8481ce45609ab45ac04e38c9970b,rekey_between_joins,1,1000,build,0,0,0,0,0,250395,250395,20,1,1000,12227240968701283957
5177ef5f290c8481ce45609ab45ac04e38c9970b,rekey_between_joins,1,1000,materialize,543,103794,447,14034,89760,250395,340155,67990,1,1000,12227240968701283957
5177ef5f290c8481ce45609ab45ac04e38c9970b,rekey_between_joins,1,1000,single_updates,2900,168200,2899,168160,40,340155,340195,341570,100,1000,12227240968701283957
5177ef5f290c8481ce45609ab45ac04e38c9970b,rekey_between_joins,1,1000,batch,9326,2511613,3905,1489317,1022296,340195,1362491,1139861,1,1000,12227240968701283957
5177ef5f290c8481ce45609ab45ac04e38c9970b,rekey_between_joins,1,1000,teardown,0,0,5554,1360900,-1360900,1362491,1591,95300,1,1000,12227240968701283957
5177ef5f290c8481ce45609ab45ac04e38c9970b,rekey_between_joins,1,10000,setup,49,249342,13,538,248804,1591,250395,141690,1,10000,11068861183687307359
5177ef5f290c8481ce45609ab45ac04e38c9970b,rekey_between_joins,1,10000,build,0,0,0,0,0,250395,250395,20,1,10000,11068861183687307359
5177ef5f290c8481ce45609ab45ac04e38c9970b,rekey_between_joins,1,10000,materialize,543,103794,447,14034,89760,250395,340155,59980,1,10000,11068861183687307359
5177ef5f290c8481ce45609ab45ac04e38c9970b,rekey_between_joins,1,10000,single_updates,2900,168200,2899,168160,40,340155,340195,401331,100,10000,11068861183687307359
5177ef5f290c8481ce45609ab45ac04e38c9970b,rekey_between_joins,1,10000,batch,83515,25438094,32671,16341022,9097072,340195,9437267,14125741,1,10000,11068861183687307359
5177ef5f290c8481ce45609ab45ac04e38c9970b,rekey_between_joins,1,10000,teardown,0,0,50977,9435676,-9435676,9437267,1591,1451591,1,10000,11068861183687307359
5177ef5f290c8481ce45609ab45ac04e38c9970b,rekey_between_joins,10,1,setup,157,254493,67,2485,252008,1591,253599,205510,1,10,3350969741976883080
5177ef5f290c8481ce45609ab45ac04e38c9970b,rekey_between_joins,10,1,build,0,0,0,0,0,253599,253599,30,1,10,3350969741976883080
5177ef5f290c8481ce45609ab45ac04e38c9970b,rekey_between_joins,10,1,materialize,904,147180,675,44496,102684,253599,356283,117450,1,10,3350969741976883080
5177ef5f290c8481ce45609ab45ac04e38c9970b,rekey_between_joins,10,1,single_updates,2900,168400,2908,169008,-608,356283,355675,334570,100,10,3350969741976883080
5177ef5f290c8481ce45609ab45ac04e38c9970b,rekey_between_joins,10,1,batch,32,1733,31,1701,32,355675,355707,3920,1,10,3350969741976883080
5177ef5f290c8481ce45609ab45ac04e38c9970b,rekey_between_joins,10,1,teardown,0,0,312,354116,-354116,355707,1591,7950,1,10,3350969741976883080
5177ef5f290c8481ce45609ab45ac04e38c9970b,rekey_between_joins,10,10,setup,156,254409,67,2485,251924,1591,253515,191880,1,10,16327733194215404661
5177ef5f290c8481ce45609ab45ac04e38c9970b,rekey_between_joins,10,10,build,0,0,0,0,0,253515,253515,30,1,10,16327733194215404661
5177ef5f290c8481ce45609ab45ac04e38c9970b,rekey_between_joins,10,10,materialize,906,147348,675,44496,102852,253515,356367,92590,1,10,16327733194215404661
5177ef5f290c8481ce45609ab45ac04e38c9970b,rekey_between_joins,10,10,single_updates,2900,168400,2908,169008,-608,356367,355759,339860,100,10,16327733194215404661
5177ef5f290c8481ce45609ab45ac04e38c9970b,rekey_between_joins,10,10,batch,172,12520,153,11192,1328,355759,357087,12040,1,10,16327733194215404661
5177ef5f290c8481ce45609ab45ac04e38c9970b,rekey_between_joins,10,10,teardown,0,0,331,355496,-355496,357087,1591,9010,1,10,16327733194215404661
5177ef5f290c8481ce45609ab45ac04e38c9970b,rekey_between_joins,10,100,setup,157,254493,67,2485,252008,1591,253599,179430,1,100,12068560666668864850
5177ef5f290c8481ce45609ab45ac04e38c9970b,rekey_between_joins,10,100,build,0,0,0,0,0,253599,253599,30,1,100,12068560666668864850
5177ef5f290c8481ce45609ab45ac04e38c9970b,rekey_between_joins,10,100,materialize,906,147348,675,44496,102852,253599,356451,85370,1,100,12068560666668864850
5177ef5f290c8481ce45609ab45ac04e38c9970b,rekey_between_joins,10,100,single_updates,2900,168400,2908,169008,-608,356451,355843,341080,100,100,12068560666668864850
5177ef5f290c8481ce45609ab45ac04e38c9970b,rekey_between_joins,10,100,batch,1244,214569,520,129877,84692,355843,440535,110641,1,100,12068560666668864850
5177ef5f290c8481ce45609ab45ac04e38c9970b,rekey_between_joins,10,100,teardown,0,0,1037,438944,-438944,440535,1591,21330,1,100,12068560666668864850
5177ef5f290c8481ce45609ab45ac04e38c9970b,rekey_between_joins,10,1000,setup,156,254409,67,2485,251924,1591,253515,170900,1,1000,16372007169015604080
5177ef5f290c8481ce45609ab45ac04e38c9970b,rekey_between_joins,10,1000,build,0,0,0,0,0,253515,253515,30,1,1000,16372007169015604080
5177ef5f290c8481ce45609ab45ac04e38c9970b,rekey_between_joins,10,1000,materialize,906,147348,675,44496,102852,253515,356367,84421,1,1000,16372007169015604080
5177ef5f290c8481ce45609ab45ac04e38c9970b,rekey_between_joins,10,1000,single_updates,2900,168400,2908,169008,-608,356367,355759,339100,100,1000,16372007169015604080
5177ef5f290c8481ce45609ab45ac04e38c9970b,rekey_between_joins,10,1000,batch,9981,2504802,4217,1488086,1016716,355759,1372475,1137081,1,1000,16372007169015604080
5177ef5f290c8481ce45609ab45ac04e38c9970b,rekey_between_joins,10,1000,teardown,0,0,6076,1370884,-1370884,1372475,1591,108340,1,1000,16372007169015604080
5177ef5f290c8481ce45609ab45ac04e38c9970b,rekey_between_joins,10,10000,setup,157,254493,67,2485,252008,1591,253599,322680,1,10000,7559123946498954474
5177ef5f290c8481ce45609ab45ac04e38c9970b,rekey_between_joins,10,10000,build,0,0,0,0,0,253599,253599,150,1,10000,7559123946498954474
5177ef5f290c8481ce45609ab45ac04e38c9970b,rekey_between_joins,10,10000,materialize,905,147264,675,44496,102768,253599,356367,136400,1,10000,7559123946498954474
5177ef5f290c8481ce45609ab45ac04e38c9970b,rekey_between_joins,10,10000,single_updates,2900,168400,2908,169008,-608,356367,355759,341190,100,10000,7559123946498954474
5177ef5f290c8481ce45609ab45ac04e38c9970b,rekey_between_joins,10,10000,batch,90519,25494915,35525,16371063,9123852,355759,9479611,12710501,1,10000,7559123946498954474
5177ef5f290c8481ce45609ab45ac04e38c9970b,rekey_between_joins,10,10000,teardown,0,0,55306,9478020,-9478020,9479611,1591,1450911,1,10000,7559123946498954474
5177ef5f290c8481ce45609ab45ac04e38c9970b,rekey_between_joins,100,1,setup,1149,298652,608,22012,276640,1591,278231,519360,1,100,2631553873089871925
5177ef5f290c8481ce45609ab45ac04e38c9970b,rekey_between_joins,100,1,build,0,0,0,0,0,278231,278231,20,1,100,2631553873089871925
5177ef5f290c8481ce45609ab45ac04e38c9970b,rekey_between_joins,100,1,materialize,3431,544624,2091,325228,219396,278231,497627,328731,1,100,2631553873089871925
5177ef5f290c8481ce45609ab45ac04e38c9970b,rekey_between_joins,100,1,single_updates,2900,172600,2998,179688,-7088,497627,490539,340600,100,100,2631553873089871925
5177ef5f290c8481ce45609ab45ac04e38c9970b,rekey_between_joins,100,1,batch,32,1775,31,1743,32,490539,490571,3920,1,100,2631553873089871925
5177ef5f290c8481ce45609ab45ac04e38c9970b,rekey_between_joins,100,1,teardown,0,0,1784,488980,-488980,490571,1591,35490,1,100,2631553873089871925
5177ef5f290c8481ce45609ab45ac04e38c9970b,rekey_between_joins,100,10,setup,1146,298604,611,22264,276340,1591,277931,506690,1,100,1255061179776955305
5177ef5f290c8481ce45609ab45ac04e38c9970b,rekey_between_joins,100,10,build,0,0,0,0,0,277931,277931,30,1,100,1255061179776955305
5177ef5f290c8481ce45609ab45ac04e38c9970b,rekey_between_joins,100,10,materialize,3422,544004,2093,325396,218608,277931,496539,275810,1,100,1255061179776955305
5177ef5f290c8481ce45609ab45ac04e38c9970b,rekey_between_joins,100,10,single_updates,2900,172600,2998,179688,-7088,496539,489451,338751,100,100,1255061179776955305
5177ef5f290c8481ce45609ab45ac04e38c9970b,rekey_between_joins,100,10,batch,175,13387,156,11855,1532,489451,490983,11060,1,100,1255061179776955305
5177ef5f290c8481ce45609ab45ac04e38c9970b,rekey_between_joins,100,10,teardown,0,0,1785,489392,-489392,490983,1591,35610,1,100,1255061179776955305
5177ef5f290c8481ce45609ab45ac04e38c9970b,rekey_between_joins,100,100,setup,1149,298788,610,22180,276608,1591,278199,497141,1,100,15300508928301401630
5177ef5f290c8481ce45609ab45ac04e38c9970b,rekey_between_joins,100,100,build,0,0,0,0,0,278199,278199,20,1,100,15300508928301401630
5177ef5f290c8481ce45609ab45ac04e38c9970b,rekey_between_joins,100,100,materialize,3427,544356,2092,325312,219044,278199,497243,288210,1,100,15300508928301401630
5177ef5f290c8481ce45609ab45ac04e38c9970b,rekey_between_joins,100,100,single_updates,2900,172600,2998,179688,-7088,497243,490155,339620,100,100,15300508928301401630
5177ef5f290c8481ce45609ab45ac04e38c9970b,rekey_between_joins,100,100,batch,1458,119634,1259,105006,14628,490155,504783,86770,1,100,15300508928301401630
5177ef5f290c8481ce45609ab45ac04e38c9970b,rekey_between_joins,100,100,teardown,0,0,1975,503192,-503192,504783,1591,38221,1,100,15300508928301401630
5177ef5f290c8481ce45609ab45ac04e38c9970b,rekey_between_joins,100,1000,setup,1147,298756,612,22348,276408,1591,277999,585731,1,1000,14701030573999536811
5177ef5f290c8481ce45609ab45ac04e38c9970b,rekey_between_joins,100,1000,build,0,0,0,0,0,277999,277999,20,1,1000,14701030573999536811
5177ef5f290c8481ce45609ab45ac04e38c9970b,rekey_between_joins,100,1000,materialize,3425,544324,2094,325480,218844,277999,496843,322760,1,1000,14701030573999536811
5177ef5f290c8481ce45609ab45ac04e38c9970b,rekey_between_joins,100,1000,single_updates,2900,172600,2998,179688,-7088,496843,489755,344120,100,1000,14701030573999536811
5177ef5f290c8481ce45609ab45ac04e38c9970b,rekey_between_joins,100,1000,batch,13985,2459875,6461,1483283,976592,489755,1466347,1204161,1,1000,14701030573999536811
5177ef5f290c8481ce45609ab45ac04e38c9970b,rekey_between_joins,100,1000,teardown,0,0,9292,1464756,-1464756,1466347,1591,181511,1,1000,14701030573999536811
5177ef5f290c8481ce45609ab45ac04e38c9970b,rekey_between_joins,100,10000,setup,1151,298888,609,22096,276792,1591,278383,515090,1,10000,5730597181489260868
5177ef5f290c8481ce45609ab45ac04e38c9970b,rekey_between_joins,100,10000,build,0,0,0,0,0,278383,278383,30,1,10000,5730597181489260868
5177ef5f290c8481ce45609ab45ac04e38c9970b,rekey_between_joins,100,10000,materialize,3428,544508,2093,325396,219112,278383,497495,296891,1,10000,5730597181489260868
5177ef5f290c8481ce45609ab45ac04e38c9970b,rekey_between_joins,100,10000,single_updates,2900,172600,2998,179688,-7088,497495,490407,346170,100,10000,5730597181489260868
5177ef5f290c8481ce45609ab45ac04e38c9970b,rekey_between_joins,100,10000,batch,132469,25966532,52955,16578916,9387616,490407,9878023,14166892,1,10000,5730597181489260868
5177ef5f290c8481ce45609ab45ac04e38c9970b,rekey_between_joins,100,10000,teardown,0,0,81293,9876432,-9876432,9878023,1591,2027902,1,10000,5730597181489260868
5177ef5f290c8481ce45609ab45ac04e38c9970b,rekey_between_joins,1000,1,setup,9992,717203,6578,278983,438220,1591,439811,3962943,1,1000,2514640085051797190
5177ef5f290c8481ce45609ab45ac04e38c9970b,rekey_between_joins,1000,1,build,0,0,0,0,0,439811,439811,190,1,1000,2514640085051797190
5177ef5f290c8481ce45609ab45ac04e38c9970b,rekey_between_joins,1000,1,materialize,24405,4943468,15812,3290580,1652888,439811,2092699,3989374,1,1000,2514640085051797190
5177ef5f290c8481ce45609ab45ac04e38c9970b,rekey_between_joins,1000,1,single_updates,2900,228800,3898,300688,-71888,2092699,2020811,419240,100,1000,2514640085051797190
5177ef5f290c8481ce45609ab45ac04e38c9970b,rekey_between_joins,1000,1,batch,32,2337,31,2305,32,2020811,2020843,4410,1,1000,2514640085051797190
5177ef5f290c8481ce45609ab45ac04e38c9970b,rekey_between_joins,1000,1,teardown,0,0,11010,2019252,-2019252,2020843,1591,445990,1,1000,2514640085051797190
5177ef5f290c8481ce45609ab45ac04e38c9970b,rekey_between_joins,1000,10,setup,9989,716611,6575,278663,437948,1591,439539,3811743,1,1000,10385003970581437891
5177ef5f290c8481ce45609ab45ac04e38c9970b,rekey_between_joins,1000,10,build,0,0,0,0,0,439539,439539,30,1,1000,10385003970581437891
5177ef5f290c8481ce45609ab45ac04e38c9970b,rekey_between_joins,1000,10,materialize,24398,4940092,15805,3288836,1651256,439539,2090795,2587202,1,1000,10385003970581437891
5177ef5f290c8481ce45609ab45ac04e38c9970b,rekey_between_joins,1000,10,single_updates,2900,228800,3898,300688,-71888,2090795,2018907,403020,100,1000,10385003970581437891
5177ef5f290c8481ce45609ab45ac04e38c9970b,rekey_between_joins,1000,10,batch,173,18694,154,17298,1396,2018907,2020303,16850,1,1000,10385003970581437891
5177ef5f290c8481ce45609ab45ac04e38c9970b,rekey_between_joins,1000,10,teardown,0,0,11028,2018712,-2018712,2020303,1591,320361,1,1000,10385003970581437891
5177ef5f290c8481ce45609ab45ac04e38c9970b,rekey_between_joins,1000,100,setup,9985,715459,6571,278055,437404,1591,438995,3994873,1,1000,5638974483362469575
5177ef5f290c8481ce45609ab45ac04e38c9970b,rekey_between_joins,1000,100,build,0,0,0,0,0,438995,438995,200,1,1000,5638974483362469575
5177ef5f290c8481ce45609ab45ac04e38c9970b,rekey_between_joins,1000,100,materialize,24401,4942520,15809,3290124,1652396,438995,2091391,2572142,1,1000,5638974483362469575
5177ef5f290c8481ce45609ab45ac04e38c9970b,rekey_between_joins,1000,100,single_updates,2900,228800,3898,300688,-71888,2091391,2019503,387200,100,1000,5638974483362469575
5177ef5f290c8481ce45609ab45ac04e38c9970b,rekey_between_joins,1000,100,batch,1464,178439,1265,162587,15852,2019503,2035355,122750,1,1000,5638974483362469575
5177ef5f290c8481ce45609ab45ac04e38c9970b,rekey_between_joins,1000,100,teardown,0,0,11207,2033764,-2033764,2035355,1591,339161,1,1000,5638974483362469575
5177ef5f290c8481ce45609ab45ac04e38c9970b,rekey_between_joins,1000,1000,setup,9982,714731,6568,277667,437064,1591,438655,3868403,1,1000,2102825501935250654
5177ef5f290c8481ce45609ab45ac04e38c9970b,rekey_between_joins,1000,1000,build,0,0,0,0,0,438655,438655,20,1,1000,2102825501935250654
5177ef5f290c8481ce45609ab45ac04e38c9970b,rekey_between_joins,1000,1000,materialize,24405,4941972,15812,3289832,1652140,438655,2090795,2627973,1,1000,2102825501935250654
5177ef5f290c8481ce45609ab45ac04e38c9970b,rekey_between_joins,1000,1000,single_updates,2900,228800,3898,300688,-71888,2090795,2018907,393070,100,1000,2102825501935250654
5177ef5f290c8481ce45609ab45ac04e38c9970b,rekey_between_joins,1000,1000,batch,14112,1698376,12113,1549796,148580,2018907,2167487,1338921,1,1000,2102825501935250654
5177ef5f290c8481ce45609ab45ac04e38c9970b,rekey_between_joins,1000,1000,teardown,0,0,13008,2165896,-2165896,2167487,1591,403510,1,1000,2102825501935250654
5177ef5f290c8481ce45609ab45ac04e38c9970b,rekey_between_joins,1000,10000,setup,9989,717019,6575,278867,438152,1591,439743,4060563,1,10000,9028485975550729015
5177ef5f290c8481ce45609ab45ac04e38c9970b,rekey_between_joins,1000,10000,build,0,0,0,0,0,439743,439743,20,1,10000,9028485975550729015
5177ef5f290c8481ce45609ab45ac04e38c9970b,rekey_between_joins,1000,10000,materialize,24410,4943616,15818,3290744,1652872,439743,2092615,2802842,1,10000,9028485975550729015
5177ef5f290c8481ce45609ab45ac04e38c9970b,rekey_between_joins,1000,10000,single_updates,2901,229088,3899,300840,-71752,2092615,2020863,397841,100,10000,9028485975550729015
5177ef5f290c8481ce45609ab45ac04e38c9970b,rekey_between_joins,1000,10000,batch,132534,30255789,58534,18668021,11587768,2020863,13608631,21103237,1,10000,9028485975550729015
5177ef5f290c8481ce45609ab45ac04e38c9970b,rekey_between_joins,1000,10000,teardown,0,0,85008,13607040,-13607040,13608631,1591,5029914,1,10000,9028485975550729015
5177ef5f290c8481ce45609ab45ac04e38c9970b,rekey_between_joins,10000,1,setup,92339,5126318,61925,2998318,2128000,1591,2129591,37739252,1,10000,349640982665615154
5177ef5f290c8481ce45609ab45ac04e38c9970b,rekey_between_joins,10000,1,build,0,0,0,0,0,2129591,2129591,190,1,10000,349640982665615154
5177ef5f290c8481ce45609ab45ac04e38c9970b,rekey_between_joins,10000,1,materialize,224510,109257780,143917,60990896,48266884,2129591,50396475,102818336,1,10000,349640982665615154
5177ef5f290c8481ce45609ab45ac04e38c9970b,rekey_between_joins,10000,1,single_updates,2900,793000,12898,1512888,-719888,50396475,49676587,1148571,100,10000,349640982665615154
5177ef5f290c8481ce45609ab45ac04e38c9970b,rekey_between_joins,10000,1,batch,32,7979,31,7947,32,49676587,49676619,8280,1,10000,349640982665615154
5177ef5f290c8481ce45609ab45ac04e38c9970b,rekey_between_joins,10000,1,teardown,0,0,101010,49675028,-49675028,49676619,1591,21100128,1,10000,349640982665615154
5177ef5f290c8481ce45609ab45ac04e38c9970b,rekey_between_joins,10000,10,setup,92339,5126318,61925,2998318,2128000,1591,2129591,38006622,1,10000,18134070651886638188
5177ef5f290c8481ce45609ab45ac04e38c9970b,rekey_between_joins,10000,10,build,0,0,0,0,0,2129591,2129591,50,1,10000,18134070651886638188
5177ef5f290c8481ce45609ab45ac04e38c9970b,rekey_between_joins,10000,10,materialize,224510,109257780,143917,60990896,48266884,2129591,50396475,93250758,1,10000,18134070651886638188
5177ef5f290c8481ce45609ab45ac04e38c9970b,rekey_between_joins,10000,10,single_updates,2900,793000,12898,1512888,-719888,50396475,49676587,1185891,100,10000,18134070651886638188
5177ef5f290c8481ce45609ab45ac04e38c9970b,rekey_between_joins,10000,10,batch,172,74953,153,73625,1328,49676587,49677915,102860,1,10000,18134070651886638188
5177ef5f290c8481ce45609ab45ac04e38c9970b,rekey_between_joins,10000,10,teardown,0,0,101028,49676324,-49676324,49677915,1591,22050019,1,10000,18134070651886638188
5177ef5f290c8481ce45609ab45ac04e38c9970b,rekey_between_joins,10000,100,setup,92339,5126318,61925,2998318,2128000,1591,2129591,37553231,1,10000,3702572368285231167
5177ef5f290c8481ce45609ab45ac04e38c9970b,rekey_between_joins,10000,100,build,0,0,0,0,0,2129591,2129591,130,1,10000,3702572368285231167
5177ef5f290c8481ce45609ab45ac04e38c9970b,rekey_between_joins,10000,100,materialize,224510,109257780,143917,60990896,48266884,2129591,50396475,88888065,1,10000,3702572368285231167
5177ef5f290c8481ce45609ab45ac04e38c9970b,rekey_between_joins,10000,100,single_updates,2900,793000,12898,1512888,-719888,50396475,49676587,1183811,100,10000,3702572368285231167
5177ef5f290c8481ce45609ab45ac04e38c9970b,rekey_between_joins,10000,100,batch,1453,737476,1254,723188,14288,49676587,49690875,849781,1,10000,3702572368285231167
5177ef5f290c8481ce45609ab45ac04e38c9970b,rekey_between_joins,10000,100,teardown,0,0,101208,49689284,-49689284,49690875,1591,21073267,1,10000,3702572368285231167
5177ef5f290c8481ce45609ab45ac04e38c9970b,rekey_between_joins,10000,1000,setup,92340,5128510,61926,2999422,2129088,1591,2130679,37455321,1,10000,511216422756853158
5177ef5f290c8481ce45609ab45ac04e38c9970b,rekey_between_joins,10000,1000,build,0,0,0,0,0,2130679,2130679,150,1,10000,511216422756853158
5177ef5f290c8481ce45609ab45ac04e38c9970b,rekey_between_joins,10000,1000,materialize,224509,109255588,143916,60989792,48265796,2130679,50396475,100156384,1,10000,511216422756853158
5177ef5f290c8481ce45609ab45ac04e38c9970b,rekey_between_joins,10000,1000,single_updates,2900,793000,12898,1512888,-719888,50396475,49676587,1249361,100,10000,511216422756853158
5177ef5f290c8481ce45609ab45ac04e38c9970b,rekey_between_joins,10000,1000,batch,14076,7314057,12077,7170169,143888,49676587,49820475,7607137,1,10000,511216422756853158
5177ef5f290c8481ce45609ab45ac04e38c9970b,rekey_between_joins,10000,1000,teardown,0,0,103008,49818884,-49818884,49820475,1591,21575568,1,10000,511216422756853158
5177ef5f290c8481ce45609ab45ac04e38c9970b,rekey_between_joins,10000,10000,setup,92339,5126318,61925,2998318,2128000,1591,2129591,37382721,1,10000,11454969965136452574
5177ef5f290c8481ce45609ab45ac04e38c9970b,rekey_between_joins,10000,10000,build,0,0,0,0,0,2129591,2129591,200,1,10000,11454969965136452574
5177ef5f290c8481ce45609ab45ac04e38c9970b,rekey_between_joins,10000,10000,materialize,224510,109257780,143917,60990896,48266884,2129591,50396475,90416216,1,10000,11454969965136452574
5177ef5f290c8481ce45609ab45ac04e38c9970b,rekey_between_joins,10000,10000,single_updates,2900,793000,12898,1512888,-719888,50396475,49676587,954811,100,10000,11454969965136452574
5177ef5f290c8481ce45609ab45ac04e38c9970b,rekey_between_joins,10000,10000,batch,140102,75547410,120103,74107522,1439888,49676587,51116475,96778351,1,10000,11454969965136452574
5177ef5f290c8481ce45609ab45ac04e38c9970b,rekey_between_joins,10000,10000,teardown,0,0,121008,51114884,-51114884,51116475,1591,25786421,1,10000,11454969965136452574
